seed,snr_db,method,estimator,equalizer,frames,bit_errors,total_bits,ber,symbol_errors,total_symbols,ser,evm_rms,evm_db,channel_mse,channel_nmse,pilot_nmse,data_nmse,deep_fade_nmse,estimator_time_ms
6101,0.0,LS-linear+ZF,LS-linear,ZF,100,115892,269200,0.43050520059435365,60014,67300,0.8917384843982169,4.061219297148905,12.173128821912309,1.3197471982240676,1.3197472077608108,0.8476949602365493,1.3232532060146331,7.645431723594665,0.45713100058492273
6101,0.0,LS-linear+MMSE,LS-linear,MMSE,100,115892,269200,0.43050520059435365,60014,67300,0.8917384843982169,4.061219266282933,12.17312875589804,1.3197471982240676,1.3197472077608108,0.8476949602365493,1.3232532060146331,7.645431723594665,0.45713100058492273
6101,0.0,Frame-LS-linear+ZF,Frame-LS-linear,ZF,100,94389,269200,0.35062778603268946,54573,67300,0.8108915304606241,2.33429206612441,7.363103878836428,0.599423842728138,0.5994238471984863,0.48611548215150835,0.5369415897130966,4.661200522184372,0.07618999981787056
6101,0.0,Frame-LS-linear+MMSE,Frame-LS-linear,MMSE,100,94389,269200,0.35062778603268946,54573,67300,0.8108915304606241,2.3342921073728937,7.3631040323218375,0.599423842728138,0.5994238471984863,0.48611548215150835,0.5369415897130966,4.661200522184372,0.07618999981787056
6101,0.0,Frame-LS-cubic+ZF,Frame-LS-cubic,ZF,100,94389,269200,0.35062778603268946,54573,67300,0.8108915304606241,2.33429206612441,7.363103878836428,1.0733618795871736,1.0733618891239167,0.48611548215150835,0.5369415897130966,4.661200522184372,0.6987650008522905
6101,0.0,Frame-LS-cubic+MMSE,Frame-LS-cubic,MMSE,100,94389,269200,0.35062778603268946,54573,67300,0.8108915304606241,2.3342921073728937,7.3631040323218375,1.0733618795871736,1.0733618891239167,0.48611548215150835,0.5369415897130966,4.661200522184372,0.6987650008522905
6101,0.0,DFT-LS+ZF,DFT-LS,ZF,100,84396,269200,0.3135066864784547,51030,67300,0.7582466567607726,2.560955644551733,8.168041132092194,0.15724087275564672,0.1572408739477396,0.10089861169457436,0.09843059182167054,0.7355192539095878,0.05687900091288611
6101,0.0,DFT-LS+MMSE,DFT-LS,MMSE,100,84396,269200,0.3135066864784547,51030,67300,0.7582466567607726,2.5609557527337556,8.168041499008776,0.15724087275564672,0.1572408739477396,0.10089861169457436,0.09843059182167054,0.7355192539095878,0.05687900091288611
6101,0.0,LMMSE-oracle+ZF,LMMSE-oracle,ZF,100,83753,269200,0.3111181277860327,50668,67300,0.7528677563150075,2.9914448048209348,9.517619881600158,0.08509178623557091,0.08509178679436445,0.07011145722121,0.06953692255541682,0.5217460586875677,0.027455999224912375
6101,0.0,LMMSE-oracle+MMSE,LMMSE-oracle,MMSE,100,83753,269200,0.3111181277860327,50668,67300,0.7528677563150075,2.9914448869588344,9.517620120093852,0.08509178623557091,0.08509178679436445,0.07011145722121,0.06953692255541682,0.5217460586875677,0.027455999224912375
6101,0.0,LMMSE-train-prior+ZF,LMMSE-train-prior,ZF,100,85082,269200,0.31605497771173846,51057,67300,0.7586478454680535,2.833524970074582,9.046540883173527,0.12759179193526507,0.12759179282933475,0.09496932681649924,0.09393689628690481,0.6190224128961563,0.02076400094665587
6101,0.0,LMMSE-train-prior+MMSE,LMMSE-train-prior,MMSE,100,85082,269200,0.31605497771173846,51057,67300,0.7586478454680535,2.8335249420242294,9.046540797187955,0.12759179193526507,0.12759179282933475,0.09496932681649924,0.09393689628690481,0.6190224128961563,0.02076400094665587
6101,0.0,PerfectCSI+ZF,PerfectCSI,ZF,100,81002,269200,0.30089895988112925,49681,67300,0.7382020802377415,4.244690041880885,12.556919648887865,0.0,0.0,0.0,0.0,0.0,0.004412998387124389
6101,0.0,PerfectCSI+MMSE,PerfectCSI,MMSE,100,81002,269200,0.30089895988112925,49681,67300,0.7382020802377415,4.244689879348792,12.556919316299187,0.0,0.0,0.0,0.0,0.0,0.004412998387124389
6101,0.0,ResidualCNN+ZF,ResidualCNN,ZF,100,85152,269200,0.3163150074294205,51155,67300,0.7601040118870728,3.5985632006257324,11.12258268982124,0.1357501696050167,0.13575017057359218,0.1000468822196126,0.10053439222276211,0.7395025975257158,2.466295000631362
6101,0.0,ResidualCNN+MMSE,ResidualCNN,MMSE,100,85152,269200,0.3163150074294205,51155,67300,0.7601040118870728,3.598563158092529,11.122582587158398,0.1357501696050167,0.13575017057359218,0.1000468822196126,0.10053439222276211,0.7395025975257158,2.466295000631362
6101,5.0,LS-linear+ZF,LS-linear,ZF,100,102913,269200,0.38229197622585437,56918,67300,0.8457355126300149,10.243688210653369,20.209127025655555,0.9405583959817886,0.9405584007501602,0.27218899354338644,0.9358902850747108,4.256684809923172,0.5558620003284886
6101,5.0,LS-linear+MMSE,LS-linear,MMSE,100,102913,269200,0.38229197622585437,56918,67300,0.8457355126300149,10.243688308386206,20.20912710852577,0.9405583959817886,0.9405584007501602,0.27218899354338644,0.9358902850747108,4.256684809923172,0.5558620003284886
6101,5.0,Frame-LS-linear+ZF,Frame-LS-linear,ZF,100,66058,269200,0.24538632986627043,44052,67300,0.6545616641901931,1.664539400123557,4.425881589778402,0.26237488523125646,0.26237488657236097,0.15487628296017647,0.17157293289899825,1.5471259191632272,0.09310499997809529
6101,5.0,Frame-LS-linear+MMSE,Frame-LS-linear,MMSE,100,66058,269200,0.24538632986627043,44052,67300,0.6545616641901931,1.6645393821289975,4.425881495879298,0.26237488523125646,0.26237488657236097,0.15487628296017647,0.17157293289899825,1.5471259191632272,0.09310499997809529
6101,5.0,Frame-LS-cubic+ZF,Frame-LS-cubic,ZF,100,66058,269200,0.24538632986627043,44052,67300,0.6545616641901931,1.664539400123557,4.425881589778402,0.3584390342235565,0.3584390363097191,0.15487628296017647,0.17157293289899825,1.5471259191632272,0.8330150012625381
6101,5.0,Frame-LS-cubic+MMSE,Frame-LS-cubic,MMSE,100,66058,269200,0.24538632986627043,44052,67300,0.6545616641901931,1.6645393821289975,4.425881495879298,0.3584390342235565,0.3584390363097191,0.15487628296017647,0.17157293289899825,1.5471259191632272,0.8330150012625381
6101,5.0,DFT-LS+ZF,DFT-LS,ZF,100,57325,269200,0.21294576523031203,39568,67300,0.5879346210995542,1.5341255570507286,3.7172180984240915,0.09887360907159745,0.09887360957451165,0.044631201727315786,0.04201772782951593,0.32982954852283003,0.06902500026626512
6101,5.0,DFT-LS+MMSE,DFT-LS,MMSE,100,57325,269200,0.21294576523031203,39568,67300,0.5879346210995542,1.5341255551278858,3.7172180875373684,0.09887360907159745,0.09887360957451165,0.044631201727315786,0.04201772782951593,0.32982954852283003,0.06902500026626512
6101,5.0,LMMSE-oracle+ZF,LMMSE-oracle,ZF,100,55583,269200,0.20647473997028232,38574,67300,0.5731649331352154,1.7440654818689192,4.83125573441333,0.02572151039261371,0.025721510597504674,0.020867733024060725,0.020666666417382656,0.18104176621884108,0.033116001286543906
6101,5.0,LMMSE-oracle+MMSE,LMMSE-oracle,MMSE,100,55583,269200,0.20647473997028232,38574,67300,0.5731649331352154,1.744065512834236,4.831255888628481,0.02572151039261371,0.025721510597504674,0.020867733024060725,0.020666666417382656,0.18104176621884108,0.033116001286543906
6101,5.0,LMMSE-train-prior+ZF,LMMSE-train-prior,ZF,100,56417,269200,0.20957280832095096,39076,67300,0.5806240713224369,1.8280289219118817,5.2396612516693,0.04490770443342626,0.044907704731449484,0.02882364371791482,0.028421375546604396,0.23642414923757316,0.025375000259373337
6101,5.0,LMMSE-train-prior+MMSE,LMMSE-train-prior,MMSE,100,56417,269200,0.20957280832095096,39076,67300,0.5806240713224369,1.8280288996925327,5.239661146093939,0.04490770443342626,0.044907704731449484,0.02882364371791482,0.028421375546604396,0.23642414923757316,0.025375000259373337
6101,5.0,PerfectCSI+ZF,PerfectCSI,ZF,100,53470,269200,0.19862555720653788,37608,67300,0.5588112927191679,1.39911637251262,2.9170767750141064,0.0,0.0,0.0,0.0,0.0,0.005198999133426696
6101,5.0,PerfectCSI+MMSE,PerfectCSI,MMSE,100,53470,269200,0.19862555720653788,37608,67300,0.5588112927191679,1.3991164070577728,2.917076989474738,0.0,0.0,0.0,0.0,0.0,0.005198999133426696
6101,5.0,ResidualCNN+ZF,ResidualCNN,ZF,100,56646,269200,0.21042347696879643,39197,67300,0.5824219910846954,1.562825604348053,3.8782103563528834,0.04866107290610671,0.04866107318550348,0.031633826084434984,0.031418735794723034,0.2870914502069354,2.9370579996611923
6101,5.0,ResidualCNN+MMSE,ResidualCNN,MMSE,100,56646,269200,0.21042347696879643,39197,67300,0.5824219910846954,1.5628256156732416,3.878210419296143,0.04866107290610671,0.04866107318550348,0.031633826084434984,0.031418735794723034,0.2870914502069354,2.9370579996611923
6101,10.0,LS-linear+ZF,LS-linear,ZF,100,93436,269200,0.3470876671619614,54263,67300,0.8062852897473997,3.0888293954930752,9.7958784338045,0.8111362227797508,0.8111362245678901,0.08702582128345966,0.8163169568777084,3.197864421606064,0.514049997436814
6101,10.0,LS-linear+MMSE,LS-linear,MMSE,100,93436,269200,0.3470876671619614,54263,67300,0.8062852897473997,3.0888294025398024,9.795878453620126,0.8111362227797508,0.8111362245678901,0.08702582128345966,0.8163169568777084,3.197864421606064,0.514049997436814
6101,10.0,Frame-LS-linear+ZF,Frame-LS-linear,ZF,100,36706,269200,0.13635215453194652,27582,67300,0.4098365527488856,1.4764623788009021,3.3844477068573124,0.15726612728089095,0.15726612772792578,0.04945216935127974,0.05482567343860865,0.46978630185127257,0.08437700191279873
6101,10.0,Frame-LS-linear+MMSE,Frame-LS-linear,MMSE,100,36706,269200,0.13635215453194652,27582,67300,0.4098365527488856,1.476462297642632,3.384447229410812,0.15726612728089095,0.15726612772792578,0.04945216935127974,0.05482567343860865,0.46978630185127257,0.08437700191279873
6101,10.0,Frame-LS-cubic+ZF,Frame-LS-cubic,ZF,100,36706,269200,0.13635215453194652,27582,67300,0.4098365527488856,1.4764623788009021,3.3844477068573124,0.15325689371675252,0.15325689431279899,0.04945216935127974,0.05482567343860865,0.46978630185127257,0.7598460005829111
6101,10.0,Frame-LS-cubic+MMSE,Frame-LS-cubic,MMSE,100,36706,269200,0.13635215453194652,27582,67300,0.4098365527488856,1.476462297642632,3.384447229410812,0.15325689371675252,0.15325689431279899,0.04945216935127974,0.05482567343860865,0.46978630185127257,0.7598460005829111
6101,10.0,DFT-LS+ZF,DFT-LS,ZF,100,31543,269200,0.11717310549777117,24107,67300,0.35820208023774147,0.9721128122285748,-0.2456666585644866,0.0844310594163835,0.08443105962127447,0.031004176973365247,0.02825176018755883,0.20553531142883003,0.06256399938138202
6101,10.0,DFT-LS+MMSE,DFT-LS,MMSE,100,31543,269200,0.11717310549777117,24107,67300,0.35820208023774147,0.9721128496044633,-0.24566632460855856,0.0844310594163835,0.08443105962127447,0.031004176973365247,0.02825176018755883,0.20553531142883003,0.06256399938138202
6101,10.0,LMMSE-oracle+ZF,LMMSE-oracle,ZF,100,28514,269200,0.10592124814264488,21953,67300,0.3261961367013373,0.8477067847385682,-1.4350868178558327,0.00799713498679921,0.007997135012410582,0.006687713470309973,0.006642275692429394,0.05252763620577752,0.02885399997467175
6101,10.0,LMMSE-oracle+MMSE,LMMSE-oracle,MMSE,100,28514,269200,0.10592124814264488,21953,67300,0.3261961367013373,0.8477068154300029,-1.4350865033810463,0.00799713498679921,0.007997135012410582,0.006687713470309973,0.006642275692429394,0.05252763620577752,0.02885399997467175
6101,10.0,LMMSE-train-prior+ZF,LMMSE-train-prior,ZF,100,29063,269200,0.10796062407132244,22346,67300,0.332035661218425,0.7538894929639132,-2.453846189056785,0.016590508660301567,0.016590508772060274,0.009620937569998204,0.009606814349535853,0.08026415618136525,0.022377001005224884
6101,10.0,LMMSE-train-prior+MMSE,LMMSE-train-prior,MMSE,100,29063,269200,0.10796062407132244,22346,67300,0.332035661218425,0.753889483640731,-2.453846296473233,0.016590508660301567,0.016590508772060274,0.009620937569998204,0.009606814349535853,0.08026415618136525,0.022377001005224884
6101,10.0,PerfectCSI+ZF,PerfectCSI,ZF,100,27264,269200,0.10127786032689451,21041,67300,0.3126448736998514,0.7345566402605181,-2.679494219279845,0.0,0.0,0.0,0.0,0.0,0.005233998817857355
6101,10.0,PerfectCSI+MMSE,PerfectCSI,MMSE,100,27264,269200,0.10127786032689451,21041,67300,0.3126448736998514,0.7345566401061866,-2.6794942211047648,0.0,0.0,0.0,0.0,0.0,0.005233998817857355
6101,10.0,ResidualCNN+ZF,ResidualCNN,ZF,100,29437,269200,0.10934992570579495,22652,67300,0.3365824665676077,0.7731999891682967,-2.2341632145496977,0.027515457305125893,0.02751545736566186,0.012489079940132796,0.01238516698591411,0.09894546105526388,2.5705020007444546
6101,10.0,ResidualCNN+MMSE,ResidualCNN,MMSE,100,29437,269200,0.10934992570579495,22652,67300,0.3365824665676077,0.7731999989184168,-2.2341631050198627,0.027515457305125893,0.02751545736566186,0.012489079940132796,0.01238516698591411,0.09894546105526388,2.5705020007444546
6101,15.0,LS-linear+ZF,LS-linear,ZF,100,87373,269200,0.3245653789004458,51793,67300,0.7695839524517087,3.124719098765212,9.896219637829255,0.7335964539647102,0.7335964581370353,0.027091691456735133,0.7576842001080513,3.1080825233459475,0.5204930005129427
6101,15.0,LS-linear+MMSE,LS-linear,MMSE,100,87373,269200,0.3245653789004458,51793,67300,0.7695839524517087,3.1247191418130296,9.89621975749076,0.7335964539647102,0.7335964581370353,0.027091691456735133,0.7576842001080513,3.1080825233459475,0.5204930005129427
6101,15.0,Frame-LS-linear+ZF,Frame-LS-linear,ZF,100,15749,269200,0.05850297176820208,12535,67300,0.1862555720653789,0.5395761159953651,-5.358945647051803,0.11255709396675229,0.1125570946931839,0.015290663177147508,0.016747289737686515,0.13875220322050155,0.08604500180808827
6101,15.0,Frame-LS-linear+MMSE,Frame-LS-linear,MMSE,100,15749,269200,0.05850297176820208,12535,67300,0.1862555720653789,0.5395761184167038,-5.358945608074021,0.11255709396675229,0.1125570946931839,0.015290663177147508,0.016747289737686515,0.13875220322050155,0.08604500180808827
6101,15.0,Frame-LS-cubic+ZF,Frame-LS-cubic,ZF,100,15749,269200,0.05850297176820208,12535,67300,0.1862555720653789,0.5395761159953651,-5.358945647051803,0.08684915602207184,0.08684915667399765,0.015290663177147508,0.016747289737686515,0.13875220322050155,0.7501629981561564
6101,15.0,Frame-LS-cubic+MMSE,Frame-LS-cubic,MMSE,100,15749,269200,0.05850297176820208,12535,67300,0.1862555720653789,0.5395761184167038,-5.358945608074021,0.08684915602207184,0.08684915667399765,0.015290663177147508,0.016747289737686515,0.13875220322050155,0.7501629981561564
6101,15.0,DFT-LS+ZF,DFT-LS,ZF,100,15724,269200,0.05841010401188707,12456,67300,0.1850817236255572,0.657001011229276,-3.6486792398254946,0.072520047116559,0.0725200476567261,0.023146078893914818,0.02066216757404618,0.13960459794849156,0.061793000204488635
6101,15.0,DFT-LS+MMSE,DFT-LS,MMSE,100,15724,269200,0.05841010401188707,12456,67300,0.1850817236255572,0.657001020004949,-3.648679123806607,0.072520047116559,0.0725200476567261,0.023146078893914818,0.02066216757404618,0.13960459794849156,0.061793000204488635
6101,15.0,LMMSE-oracle+ZF,LMMSE-oracle,ZF,100,11488,269200,0.04267459138187221,9153,67300,0.13600297176820209,0.5446434328147131,-5.277754572457286,0.002812409095931798,0.002812409108155407,0.0022135893400991335,0.0021862321317894385,0.01841812824830413,0.02758200018433854
6101,15.0,LMMSE-oracle+MMSE,LMMSE-oracle,MMSE,100,11488,269200,0.04267459138187221,9153,67300,0.13600297176820209,0.5446433997006938,-5.277755100554585,0.002812409095931798,0.002812409108155407,0.0022135893400991335,0.0021862321317894385,0.01841812824830413,0.02758200018433854
6101,15.0,LMMSE-train-prior+ZF,LMMSE-train-prior,ZF,100,11791,269200,0.0438001485884101,9401,67300,0.13968796433878158,1.3484785406362474,2.5968807917156402,0.005980672733858228,0.0059806727804243565,0.003223804064327851,0.003248350042849779,0.02859028736827895,0.02191000123275444
6101,15.0,LMMSE-train-prior+MMSE,LMMSE-train-prior,MMSE,100,11791,269200,0.0438001485884101,9401,67300,0.13968796433878158,1.3484785334961178,2.596880745724268,0.005980672733858228,0.0059806727804243565,0.003223804064327851,0.003248350042849779,0.02859028736827895,0.02191000123275444
6101,15.0,PerfectCSI+ZF,PerfectCSI,ZF,100,10732,269200,0.03986627043090639,8586,67300,0.1275780089153046,0.49493247019233866,-6.109081064703195,0.0,0.0,0.0,0.0,0.0,0.004702000005636364
6101,15.0,PerfectCSI+MMSE,PerfectCSI,MMSE,100,10732,269200,0.03986627043090639,8586,67300,0.1275780089153046,0.49493247484058894,-6.109080983128048,0.0,0.0,0.0,0.0,0.0,0.004702000005636364
6101,15.0,ResidualCNN+ZF,ResidualCNN,ZF,100,12200,269200,0.045319465081723624,9753,67300,0.1449182763744428,0.6015410093290519,-4.414695196301245,0.017357639302499592,0.017357639451511205,0.0056612778641283515,0.005508865553420037,0.03828908340074122,2.464342001185287
6101,15.0,ResidualCNN+MMSE,ResidualCNN,MMSE,100,12200,269200,0.045319465081723624,9753,67300,0.1449182763744428,0.6015410105330488,-4.414695178916255,0.017357639302499592,0.017357639451511205,0.0056612778641283515,0.005508865553420037,0.03828908340074122,2.464342001185287
6101,20.0,LS-linear+ZF,LS-linear,ZF,100,86181,269200,0.3201374442793462,51424,67300,0.7641010401188707,3.398092191686986,10.624703145738827,0.7492261937260628,0.7492261976003647,0.008518326659686864,0.7805324906110763,3.19576901614666,0.5050529996515252
6101,20.0,LS-linear+MMSE,LS-linear,MMSE,100,86181,269200,0.3201374442793462,51424,67300,0.7641010401188707,3.398092187274672,10.624703134460479,0.7492261937260628,0.7492261976003647,0.008518326659686864,0.7805324906110763,3.19576901614666,0.5050529996515252
6101,20.0,Frame-LS-linear+ZF,Frame-LS-linear,ZF,100,5611,269200,0.020843239227340268,4567,67300,0.06786032689450223,0.30708104209920595,-10.254939885130366,0.11923000158276409,0.11923000192269682,0.004809948438778519,0.005267731056082994,0.04514206389896572,0.08208399929571897
6101,20.0,Frame-LS-linear+MMSE,Frame-LS-linear,MMSE,100,5611,269200,0.020843239227340268,4567,67300,0.06786032689450223,0.3070810420529695,-10.25493988643818,0.11923000158276409,0.11923000192269682,0.004809948438778519,0.005267731056082994,0.04514206389896572,0.08208399929571897
6101,20.0,Frame-LS-cubic+ZF,Frame-LS-cubic,ZF,100,5611,269200,0.020843239227340268,4567,67300,0.06786032689450223,0.30708104209920595,-10.254939885130366,0.07397799527738243,0.07397799564991146,0.004809948438778519,0.005267731056082994,0.04514206389896572,0.7314769996446557
6101,20.0,Frame-LS-cubic+MMSE,Frame-LS-cubic,MMSE,100,5611,269200,0.020843239227340268,4567,67300,0.06786032689450223,0.3070810420529695,-10.25493988643818,0.07397799527738243,0.07397799564991146,0.004809948438778519,0.005267731056082994,0.04514206389896572,0.7314769996446557
6101,20.0,DFT-LS+ZF,DFT-LS,ZF,100,9605,269200,0.03567979197622585,7547,67300,0.11213967310549777,0.5279777216723303,-5.547688047766889,0.08349512584856711,0.08349512610118837,0.025724724962492472,0.02278128369769547,0.18564942200668155,0.06028300034813583
6101,20.0,DFT-LS+MMSE,DFT-LS,MMSE,100,9605,269200,0.03567979197622585,7547,67300,0.11213967310549777,0.5279777153258334,-5.547688152174651,0.08349512584856711,0.08349512610118837,0.025724724962492472,0.02278128369769547,0.18564942200668155,0.06028300034813583
6101,20.0,LMMSE-oracle+ZF,LMMSE-oracle,ZF,100,4016,269200,0.014918276374442794,3270,67300,0.04858841010401189,0.2647005189971659,-11.54490414356999,0.0008674574788892642,0.0008674574852921068,0.0007021625948254951,0.0006955294535146095,0.0061723461607471105,0.02803200070047751
6101,20.0,LMMSE-oracle+MMSE,LMMSE-oracle,MMSE,100,4016,269200,0.014918276374442794,3270,67300,0.04858841010401189,0.2647005224568989,-11.544904030042222,0.0008674574788892642,0.0008674574852921068,0.0007021625948254951,0.0006955294535146095,0.0061723461607471105,0.02803200070047751
6101,20.0,LMMSE-train-prior+ZF,LMMSE-train-prior,ZF,100,4139,269200,0.01537518573551263,3375,67300,0.050148588410104014,0.4407643581458835,-7.115870628243308,0.002037222452345304,0.0020372224663151427,0.0010440982598811388,0.0010452783244545572,0.009288702902849763,0.02172900247387588
6101,20.0,LMMSE-train-prior+MMSE,LMMSE-train-prior,MMSE,100,4139,269200,0.01537518573551263,3375,67300,0.050148588410104014,0.44076437684553077,-7.115870259740125,0.002037222452345304,0.0020372224663151427,0.0010440982598811388,0.0010452783244545572,0.009288702902849763,0.02172900247387588
6101,20.0,PerfectCSI+ZF,PerfectCSI,ZF,100,3727,269200,0.013844725111441308,3010,67300,0.04472511144130758,0.262461537711752,-11.618686621040425,0.0,0.0,0.0,0.0,0.0,0.004579999949783087
6101,20.0,PerfectCSI+MMSE,PerfectCSI,MMSE,100,3727,269200,0.013844725111441308,3010,67300,0.04472511144130758,0.26246153446594084,-11.618686728457146,0.0,0.0,0.0,0.0,0.0,0.004579999949783087
6101,20.0,ResidualCNN+ZF,ResidualCNN,ZF,100,4846,269200,0.01800148588410104,3937,67300,0.05849925705794948,0.33373230540381427,-9.532035029053802,0.01812534966506064,0.018125349730253218,0.0041512063064146785,0.003942102605942637,0.026749968923395498,2.452132999605965
6101,20.0,ResidualCNN+MMSE,ResidualCNN,MMSE,100,4846,269200,0.01800148588410104,3937,67300,0.05849925705794948,0.3337322992349186,-9.532035189608672,0.01812534966506064,0.018125349730253218,0.0041512063064146785,0.003942102605942637,0.026749968923395498,2.452132999605965
6101,25.0,LS-linear+ZF,LS-linear,ZF,100,85878,269200,0.3190118870728083,51088,67300,0.7591084695393759,2.924935968840376,9.322327263518341,0.747359042018652,0.7473590488731862,0.0026498051011003554,0.7602202336490155,2.9249063065648078,0.5016179982339963
6101,25.0,LS-linear+MMSE,LS-linear,MMSE,100,85878,269200,0.3190118870728083,51088,67300,0.7591084695393759,2.924936008699934,9.322327381885279,0.747359042018652,0.7473590488731862,0.0026498051011003554,0.7602202336490155,2.9249063065648078,0.5016179982339963
6101,25.0,Frame-LS-linear+ZF,Frame-LS-linear,ZF,100,2114,269200,0.007852897473997028,1703,67300,0.025304606240713224,0.19491136541759838,-14.203256722600294,0.12715940633323045,0.12715940697584302,0.001510719150537625,0.001690952149219811,0.015190738635137677,0.08093800046481192
6101,25.0,Frame-LS-linear+MMSE,Frame-LS-linear,MMSE,100,2114,269200,0.007852897473997028,1703,67300,0.025304606240713224,0.19491136647221977,-14.203256675602907,0.12715940633323045,0.12715940697584302,0.001510719150537625,0.001690952149219811,0.015190738635137677,0.08093800046481192
6101,25.0,Frame-LS-cubic+ZF,Frame-LS-cubic,ZF,100,2114,269200,0.007852897473997028,1703,67300,0.025304606240713224,0.19491136541759838,-14.203256722600294,0.0689337624446489,0.06893376283114776,0.001510719150537625,0.001690952149219811,0.015190738635137677,0.7196769991423935
6101,25.0,Frame-LS-cubic+MMSE,Frame-LS-cubic,MMSE,100,2114,269200,0.007852897473997028,1703,67300,0.025304606240713224,0.19491136647221977,-14.203256675602907,0.0689337624446489,0.06893376283114776,0.001510719150537625,0.001690952149219811,0.015190738635137677,0.7196769991423935
6101,25.0,DFT-LS+ZF,DFT-LS,ZF,100,8133,269200,0.030211738484398218,6583,67300,0.09781575037147103,0.3918162915822377,-8.138350203110994,0.09085607130546122,0.09085607168264687,0.02776793341676239,0.02450800377584528,0.13492780887521805,0.05858100048499182
6101,25.0,DFT-LS+MMSE,DFT-LS,MMSE,100,8133,269200,0.030211738484398218,6583,67300,0.09781575037147103,0.39181629712701016,-8.138350080192977,0.09085607130546122,0.09085607168264687,0.02776793341676239,0.02450800377584528,0.13492780887521805,0.05858100048499182
6101,25.0,LMMSE-oracle+ZF,LMMSE-oracle,ZF,100,1540,269200,0.005720653789004457,1242,67300,0.018454680534918277,0.19918270264577562,-14.014967582469824,0.0002652068642055383,0.00026520686740695966,0.00021442095374368364,0.00021221809271082748,0.0018959059269400313,0.027560002054087818
6101,25.0,LMMSE-oracle+MMSE,LMMSE-oracle,MMSE,100,1540,269200,0.005720653789004457,1242,67300,0.018454680534918277,0.19918270396247265,-14.01496752505176,0.0002652068642055383,0.00026520686740695966,0.00021442095374368364,0.00021221809271082748,0.0018959059269400313,0.027560002054087818
6101,25.0,LMMSE-train-prior+ZF,LMMSE-train-prior,ZF,100,1545,269200,0.0057392273402674596,1245,67300,0.01849925705794948,0.17634225696770087,-15.072872101276864,0.0006255885325663257,0.0006255885372229386,0.0003206074414629256,0.00032134639121068177,0.002951941838982748,0.02083899948047474
6101,25.0,LMMSE-train-prior+MMSE,LMMSE-train-prior,MMSE,100,1545,269200,0.0057392273402674596,1245,67300,0.01849925705794948,0.1763422558924665,-15.072872154238457,0.0006255885325663257,0.0006255885372229386,0.0003206074414629256,0.00032134639121068177,0.002951941838982748,0.02083899948047474
6101,25.0,PerfectCSI+ZF,PerfectCSI,ZF,100,1426,269200,0.005297176820208024,1161,67300,0.01725111441307578,0.2642147739855038,-11.560858035641868,0.0,0.0,0.0,0.0,0.0,0.004432000278029591
6101,25.0,PerfectCSI+MMSE,PerfectCSI,MMSE,100,1426,269200,0.005297176820208024,1161,67300,0.01725111441307578,0.2642147849109638,-11.56085767647445,0.0,0.0,0.0,0.0,0.0,0.004432000278029591
6101,25.0,ResidualCNN+ZF,ResidualCNN,ZF,100,2266,269200,0.008417533432392273,1850,67300,0.0274888558692422,0.22985168605048334,-12.771046123699971,0.017560385132674126,0.017560385252581908,0.003493496360606514,0.003278439477144275,0.017096540399943478,2.387091997952666
6101,25.0,ResidualCNN+MMSE,ResidualCNN,MMSE,100,2266,269200,0.008417533432392273,1850,67300,0.0274888558692422,0.22985168389181415,-12.77104620527415,0.017560385132674126,0.017560385252581908,0.003493496360606514,0.003278439477144275,0.017096540399943478,2.387091997952666
6101,30.0,LS-linear+ZF,LS-linear,ZF,100,84139,269200,0.3125520059435364,50477,67300,0.7500297176820208,6.513621702944258,16.276450641547896,0.7303494335711003,0.730349435955286,0.0008597441797610372,0.7435406911373138,2.9669792997837066,0.4511519998777658
6101,30.0,LS-linear+MMSE,LS-linear,MMSE,100,84139,269200,0.3125520059435364,50477,67300,0.7500297176820208,6.5136220543184455,16.276451110104016,0.7303494335711003,0.730349435955286,0.0008597441797610372,0.7435406911373138,2.9669792997837066,0.4511519998777658
6101,30.0,Frame-LS-linear+ZF,Frame-LS-linear,ZF,100,719,269200,0.0026708766716196136,592,67300,0.008796433878157504,0.09748612648522068,-20.22114371056743,0.10140021578408778,0.1014002160076052,0.00048514220950892197,0.0005403749228571541,0.0052067244972568,0.07280800142325461
6101,30.0,Frame-LS-linear+MMSE,Frame-LS-linear,MMSE,100,719,269200,0.0026708766716196136,592,67300,0.008796433878157504,0.09748612608554018,-20.22114374617845,0.10140021578408778,0.1014002160076052,0.00048514220950892197,0.0005403749228571541,0.0052067244972568,0.07280800142325461
6101,30.0,Frame-LS-cubic+ZF,Frame-LS-cubic,ZF,100,719,269200,0.0026708766716196136,592,67300,0.008796433878157504,0.09748612648522068,-20.22114371056743,0.049557015044847504,0.049557015175232665,0.00048514220950892197,0.0005403749228571541,0.0052067244972568,0.6643509998684749
6101,30.0,Frame-LS-cubic+MMSE,Frame-LS-cubic,MMSE,100,719,269200,0.0026708766716196136,592,67300,0.008796433878157504,0.09748612608554018,-20.22114374617845,0.049557015044847504,0.049557015175232665,0.00048514220950892197,0.0005403749228571541,0.0052067244972568,0.6643509998684749
6101,30.0,DFT-LS+ZF,DFT-LS,ZF,100,6200,269200,0.023031203566121844,4770,67300,0.07087667161961367,0.4190065163234276,-7.555584458034432,0.07246760887210257,0.07246760905836709,0.022439784090965986,0.019875328943599016,0.17403313167393208,0.05402999959187582
6101,30.0,DFT-LS+MMSE,DFT-LS,MMSE,100,6200,269200,0.023031203566121844,4770,67300,0.07087667161961367,0.4190065050294019,-7.555584692156476,0.07246760887210257,0.07246760905836709,0.022439784090965986,0.019875328943599016,0.17403313167393208,0.05402999959187582
6101,30.0,LMMSE-oracle+ZF,LMMSE-oracle,ZF,100,497,269200,0.0018462109955423476,399,67300,0.005928677563150075,0.08917077919292747,-20.99554876770995,8.572020076826448e-05,8.57202013139613e-05,6.848744686067221e-05,6.777252363463049e-05,0.0006457780372147681,0.024580002354923636
6101,30.0,LMMSE-oracle+MMSE,LMMSE-oracle,MMSE,100,497,269200,0.0018462109955423476,399,67300,0.005928677563150075,0.08917078089107977,-20.99554860229743,8.572020076826448e-05,8.57202013139613e-05,6.848744686067221e-05,6.777252363463049e-05,0.0006457780372147681,0.024580002354923636
6101,30.0,LMMSE-train-prior+ZF,LMMSE-train-prior,ZF,100,502,269200,0.0018647845468053492,408,67300,0.006062407132243685,0.11246527581042072,-18.9796309469235,0.0001974393640557537,0.00019743936529266647,0.00010073211717099185,0.00010160924302908825,0.0009369900715682888,0.019592000171542168
6101,30.0,LMMSE-train-prior+MMSE,LMMSE-train-prior,MMSE,100,502,269200,0.0018647845468053492,408,67300,0.006062407132243685,0.11246526948381846,-18.979631435538053,0.0001974393640557537,0.00019743936529266647,0.00010073211717099185,0.00010160924302908825,0.0009369900715682888,0.019592000171542168
6101,30.0,PerfectCSI+ZF,PerfectCSI,ZF,100,483,269200,0.0017942050520059435,394,67300,0.005854383358098068,0.08521356500027072,-21.38982530282695,0.0,0.0,0.0,0.0,0.0,0.0039959981222637
6101,30.0,PerfectCSI+MMSE,PerfectCSI,MMSE,100,483,269200,0.0017942050520059435,394,67300,0.005854383358098068,0.08521356360256209,-21.389825445296555,0.0,0.0,0.0,0.0,0.0,0.0039959981222637
6101,30.0,ResidualCNN+ZF,ResidualCNN,ZF,100,1278,269200,0.00474739970282318,1049,67300,0.015586924219910847,0.19260098129290626,-14.306830089919337,0.014481522436835804,0.014481522476417012,0.002910218513570726,0.0027379036706406622,0.017671269555576144,2.1980770005029626
6101,30.0,ResidualCNN+MMSE,ResidualCNN,MMSE,100,1278,269200,0.00474739970282318,1049,67300,0.015586924219910847,0.19260097512733418,-14.306830367973369,0.014481522436835804,0.014481522476417012,0.002910218513570726,0.0027379036706406622,0.017671269555576144,2.1980770005029626
6201,0.0,LS-linear+ZF,LS-linear,ZF,100,114958,269200,0.42703566121842496,59758,67300,0.8879346210995542,7.6894685546918,17.71792650541635,1.2773504948616028,1.2773504996299743,0.85606247484684,1.2944650411605836,7.6399023365974426,0.49883800238603726
6201,0.0,LS-linear+MMSE,LS-linear,MMSE,100,114958,269200,0.42703566121842496,59758,67300,0.8879346210995542,7.689467554458024,17.717925375569642,1.2773504948616028,1.2773504996299743,0.85606247484684,1.2944650411605836,7.6399023365974426,0.49883800238603726
6201,0.0,Frame-LS-linear+ZF,Frame-LS-linear,ZF,100,94922,269200,0.3526077265973254,54829,67300,0.8146953937592868,2.6708610899783554,8.533026023814475,0.6161270359158516,0.6161270380020142,0.48907119780778885,0.5386286613345146,4.463414595723152,0.08234300068579614
6201,0.0,Frame-LS-linear+MMSE,Frame-LS-linear,MMSE,100,94922,269200,0.3526077265973254,54829,67300,0.8146953937592868,2.6708610040426537,8.533025744343547,0.6161270359158516,0.6161270380020142,0.48907119780778885,0.5386286613345146,4.463414595723152,0.08234300068579614
6201,0.0,Frame-LS-cubic+ZF,Frame-LS-cubic,ZF,100,94922,269200,0.3526077265973254,54829,67300,0.8146953937592868,2.6708610899783554,8.533026023814475,1.1663913092017173,1.1663913118839264,0.48907119780778885,0.5386286613345146,4.463414595723152,0.7267119985772297
6201,0.0,Frame-LS-cubic+MMSE,Frame-LS-cubic,MMSE,100,94922,269200,0.3526077265973254,54829,67300,0.8146953937592868,2.6708610040426537,8.533025744343547,1.1663913092017173,1.1663913118839264,0.48907119780778885,0.5386286613345146,4.463414595723152,0.7267119985772297
6201,0.0,DFT-LS+ZF,DFT-LS,ZF,100,84997,269200,0.31573922734026744,51296,67300,0.7621991084695394,2.5996433786709736,8.29827550327763,0.1617871643975377,0.16178716499358414,0.09594746727496385,0.09278441902250051,0.7678262981027365,0.059467000246513635
6201,0.0,DFT-LS+MMSE,DFT-LS,MMSE,100,84997,269200,0.31573922734026744,51296,67300,0.7621991084695394,2.599643401005184,8.29827557790036,0.1617871643975377,0.16178716499358414,0.09594746727496385,0.09278441902250051,0.7678262981027365,0.059467000246513635
6201,0.0,LMMSE-oracle+ZF,LMMSE-oracle,ZF,100,84174,269200,0.3126820208023774,50769,67300,0.754368499257058,4.378799392383228,12.827100982962602,0.07473771996796132,0.07473772015422582,0.06183392144739628,0.06140781495720148,0.49330211013555525,0.02677800046512857
6201,0.0,LMMSE-oracle+MMSE,LMMSE-oracle,MMSE,100,84174,269200,0.3126820208023774,50769,67300,0.754368499257058,4.378799745315581,12.827101683047504,0.07473771996796132,0.07473772015422582,0.06183392144739628,0.06140781495720148,0.49330211013555525,0.02677800046512857
6201,0.0,LMMSE-train-prior+ZF,LMMSE-train-prior,ZF,100,85432,269200,0.3173551263001486,51185,67300,0.7605497771173848,3.5570737160749633,11.02185731019776,0.11766093857586384,0.11766093891113996,0.08557610675692558,0.08482970803976059,0.5966853519529104,0.021556999417953193
6201,0.0,LMMSE-train-prior+MMSE,LMMSE-train-prior,MMSE,100,85432,269200,0.3173551263001486,51185,67300,0.7605497771173848,3.5570737118667717,11.02185729992193,0.11766093857586384,0.11766093891113996,0.08557610675692558,0.08482970803976059,0.5966853519529104,0.021556999417953193
6201,0.0,PerfectCSI+ZF,PerfectCSI,ZF,100,81489,269200,0.30270802377414563,49799,67300,0.7399554234769687,2.456752503347523,7.807228145112855,0.0,0.0,0.0,0.0,0.0,0.004453998699318618
6201,0.0,PerfectCSI+MMSE,PerfectCSI,MMSE,100,81489,269200,0.30270802377414563,49799,67300,0.7399554234769687,2.4567525367663783,7.8072282632657775,0.0,0.0,0.0,0.0,0.0,0.004453998699318618
6201,0.0,ResidualCNN+ZF,ResidualCNN,ZF,100,85263,269200,0.31672734026745913,51338,67300,0.7628231797919762,7.9090246065087735,17.962458534350677,0.12307355225086213,0.12307355269789695,0.08969541069120168,0.09044948361814022,0.7662850698828697,2.4055280003813095
6201,0.0,ResidualCNN+MMSE,ResidualCNN,MMSE,100,85263,269200,0.31672734026745913,51338,67300,0.7628231797919762,7.9090243288658755,17.962458229436262,0.12307355225086213,0.12307355269789695,0.08969541069120168,0.09044948361814022,0.7662850698828697,2.4055280003813095
6201,5.0,LS-linear+ZF,LS-linear,ZF,100,102813,269200,0.38192050520059434,56894,67300,0.8453789004457652,3.9597756283418715,11.953411566319986,0.9168907505273819,0.9168907552957535,0.2743739521503448,0.9261823433637619,4.4759446406364445,0.5239879986038432
6201,5.0,LS-linear+MMSE,LS-linear,MMSE,100,102813,269200,0.38192050520059434,56894,67300,0.8453789004457652,3.9597756693605124,11.953411656295634,0.9168907505273819,0.9168907552957535,0.2743739521503448,0.9261823433637619,4.4759446406364445,0.5239879986038432
6201,5.0,Frame-LS-linear+ZF,Frame-LS-linear,ZF,100,65189,269200,0.24215824665676078,43836,67300,0.6513521545319465,1.824990710009405,5.2252131610342945,0.2705019895732403,0.27050199165940286,0.15375036917626858,0.16871313735842705,1.62984873265028,0.08581399917602539
6201,5.0,Frame-LS-linear+MMSE,Frame-LS-linear,MMSE,100,65189,269200,0.24215824665676078,43836,67300,0.6513521545319465,1.8249906693842937,5.225212967682495,0.2705019895732403,0.27050199165940286,0.15375036917626858,0.16871313735842705,1.62984873265028,0.08581399917602539
6201,5.0,Frame-LS-cubic+ZF,Frame-LS-cubic,ZF,100,65189,269200,0.24215824665676078,43836,67300,0.6513521545319465,1.824990710009405,5.2252131610342945,0.3644115844368935,0.3644115862250328,0.15375036917626858,0.16871313735842705,1.62984873265028,0.7717210004921071
6201,5.0,Frame-LS-cubic+MMSE,Frame-LS-cubic,MMSE,100,65189,269200,0.24215824665676078,43836,67300,0.6513521545319465,1.8249906693842937,5.225212967682495,0.3644115844368935,0.3644115862250328,0.15375036917626858,0.16871313735842705,1.62984873265028,0.7717210004921071
6201,5.0,DFT-LS+ZF,DFT-LS,ZF,100,56880,269200,0.2112927191679049,39350,67300,0.5846953937592868,1.5959290518771776,4.060271611683614,0.1082303357962519,0.10823033667169511,0.04932175279594958,0.0462062541116029,0.4252788197994232,0.06267899938393384
6201,5.0,DFT-LS+MMSE,DFT-LS,MMSE,100,56880,269200,0.2112927191679049,39350,67300,0.5846953937592868,1.595929056165422,4.060271635022508,0.1082303357962519,0.10823033667169511,0.04932175279594958,0.0462062541116029,0.4252788197994232,0.06267899938393384
6201,5.0,LMMSE-oracle+ZF,LMMSE-oracle,ZF,100,54865,269200,0.2038075780089153,38256,67300,0.5684398216939078,1.7036192887016308,4.627450971885578,0.026191912349313496,0.026191912461072206,0.021687358254566788,0.02153125261887908,0.2351152461580932,0.029482000099960715
6201,5.0,LMMSE-oracle+MMSE,LMMSE-oracle,MMSE,100,54865,269200,0.2038075780089153,38256,67300,0.5684398216939078,1.7036192920492752,4.627450988953517,0.026191912349313496,0.026191912461072206,0.021687358254566788,0.02153125261887908,0.2351152461580932,0.029482000099960715
6201,5.0,LMMSE-train-prior+ZF,LMMSE-train-prior,ZF,100,55652,269200,0.20673105497771174,38665,67300,0.5745170876671619,21.533627697364444,26.662344002165327,0.04477563004940748,0.044775630347430706,0.028670697789639234,0.028442678302526475,0.2735246381536126,0.022656000219285488
6201,5.0,LMMSE-train-prior+MMSE,LMMSE-train-prior,MMSE,100,55652,269200,0.20673105497771174,38665,67300,0.5745170876671619,21.53363117944223,26.66234540670995,0.04477563004940748,0.044775630347430706,0.028670697789639234,0.028442678302526475,0.2735246381536126,0.022656000219285488
6201,5.0,PerfectCSI+ZF,PerfectCSI,ZF,100,52734,269200,0.19589153046062407,37057,67300,0.5506240713224368,1.5445797146292517,3.7762065367280084,0.0,0.0,0.0,0.0,0.0,0.004711999790742993
6201,5.0,PerfectCSI+MMSE,PerfectCSI,MMSE,100,52734,269200,0.19589153046062407,37057,67300,0.5506240713224368,1.5445796540010484,3.776206195787435,0.0,0.0,0.0,0.0,0.0,0.004711999790742993
6201,5.0,ResidualCNN+ZF,ResidualCNN,ZF,100,56057,269200,0.20823551263001486,38961,67300,0.5789153046062407,1.9106983090771963,5.62384238530302,0.052522670309990645,0.05252267064526677,0.032498476654291154,0.032587157990783454,0.3355532740801573,2.6048740005353466
6201,5.0,ResidualCNN+MMSE,ResidualCNN,MMSE,100,56057,269200,0.20823551263001486,38961,67300,0.5789153046062407,1.910698322926812,5.623842448262323,0.052522670309990645,0.05252267064526677,0.032498476654291154,0.032587157990783454,0.3355532740801573,2.6048740005353466
6201,10.0,LS-linear+ZF,LS-linear,ZF,100,93909,269200,0.3488447251114413,54148,67300,0.8045765230312035,3.2175977124293293,10.150634889769442,0.809284800440073,0.8092848064005375,0.085083634480834,0.8277187149226666,3.511457194685936,0.5330469988984987
6201,10.0,LS-linear+MMSE,LS-linear,MMSE,100,93909,269200,0.3488447251114413,54148,67300,0.8045765230312035,3.217597746243671,10.150634981051097,0.809284800440073,0.8092848064005375,0.085083634480834,0.8277187149226666,3.511457194685936,0.5330469988984987
6201,10.0,Frame-LS-linear+ZF,Frame-LS-linear,ZF,100,35999,269200,0.1337258543833581,27171,67300,0.4037295690936107,1.4314859309413086,3.1157416801306077,0.17168233957141638,0.17168234065175056,0.04799387224018574,0.05231216784566641,0.45556390680372716,0.08621200162451714
6201,10.0,Frame-LS-linear+MMSE,Frame-LS-linear,MMSE,100,35999,269200,0.1337258543833581,27171,67300,0.4037295690936107,1.4314859670439684,3.1157418991922885,0.17168233957141638,0.17168234065175056,0.04799387224018574,0.05231216784566641,0.45556390680372716,0.08621200162451714
6201,10.0,Frame-LS-cubic+ZF,Frame-LS-cubic,ZF,100,35999,269200,0.1337258543833581,27171,67300,0.4037295690936107,1.4314859309413086,3.1157416801306077,0.14982715096324684,0.1498271520063281,0.04799387224018574,0.05231216784566641,0.45556390680372716,0.7709499989869073
6201,10.0,Frame-LS-cubic+MMSE,Frame-LS-cubic,MMSE,100,35999,269200,0.1337258543833581,27171,67300,0.4037295690936107,1.4314859670439684,3.1157418991922885,0.14982715096324684,0.1498271520063281,0.04799387224018574,0.05231216784566641,0.45556390680372716,0.7709499989869073
6201,10.0,DFT-LS+ZF,DFT-LS,ZF,100,32161,269200,0.11946879643387816,24510,67300,0.3641901931649331,0.8615033061673202,-1.2948610306575745,0.09797776465304196,0.09797776515595615,0.03538761072326452,0.03211710105650127,0.19347123691812157,0.06315600068774074
6201,10.0,DFT-LS+MMSE,DFT-LS,MMSE,100,32161,269200,0.11946879643387816,24510,67300,0.3641901931649331,0.86150331491567,-1.2948609424545456,0.09797776465304196,0.09797776515595615,0.03538761072326452,0.03211710105650127,0.19347123691812157,0.06315600068774074
6201,10.0,LMMSE-oracle+ZF,LMMSE-oracle,ZF,100,28499,269200,0.10586552748885587,21840,67300,0.324517087667162,0.8780907671324908,-1.1292117860390358,0.009005469165276735,0.009005469244439155,0.007295184873510152,0.007223994629457593,0.06294929660856724,0.02890900068450719
6201,10.0,LMMSE-oracle+MMSE,LMMSE-oracle,MMSE,100,28499,269200,0.10586552748885587,21840,67300,0.324517087667162,0.8780907795231173,-1.129211663473559,0.009005469165276735,0.009005469244439155,0.007295184873510152,0.007223994629457593,0.06294929660856724,0.02890900068450719
6201,10.0,LMMSE-train-prior+ZF,LMMSE-train-prior,ZF,100,29222,269200,0.10855126300148589,22319,67300,0.33163447251114414,0.8973408729822605,-0.9408510023551706,0.018060973291285337,0.01806097341235727,0.010347200310789048,0.010243025445379316,0.08696477668359875,0.022813998511992395
6201,10.0,LMMSE-train-prior+MMSE,LMMSE-train-prior,MMSE,100,29222,269200,0.10855126300148589,22319,67300,0.33163447251114414,0.8973408315557979,-0.9408514033462557,0.018060973291285337,0.01806097341235727,0.010347200310789048,0.010243025445379316,0.08696477668359875,0.022813998511992395
6201,10.0,PerfectCSI+ZF,PerfectCSI,ZF,100,27186,269200,0.10098811292719168,20876,67300,0.3101931649331352,0.8769314711074215,-1.1406868757293755,0.0,0.0,0.0,0.0,0.0,0.004719997523352504
6201,10.0,PerfectCSI+MMSE,PerfectCSI,MMSE,100,27186,269200,0.10098811292719168,20876,67300,0.3101931649331352,0.8769314375051106,-1.1406872085558044,0.0,0.0,0.0,0.0,0.0,0.004719997523352504
6201,10.0,ResidualCNN+ZF,ResidualCNN,ZF,100,29755,269200,0.11053120356612184,22711,67300,0.3374591381872214,0.7843063520665522,-2.1102853528319483,0.030865003815852107,0.030865004011429845,0.013531154314987361,0.013274347861297428,0.10317456440068781,2.5663210020866245
6201,10.0,ResidualCNN+MMSE,ResidualCNN,MMSE,100,29755,269200,0.11053120356612184,22711,67300,0.3374591381872214,0.7843063522833063,-2.1102853504314805,0.030865003815852107,0.030865004011429845,0.013531154314987361,0.013274347861297428,0.10317456440068781,2.5663210020866245
6201,15.0,LS-linear+ZF,LS-linear,ZF,100,87018,269200,0.32324665676077263,51569,67300,0.7662555720653789,2.9243077023135653,9.320461362884702,0.7704749813675881,0.7704749891161918,0.027526087276637554,0.7745273953676224,2.915259388387203,0.5099540011724457
6201,15.0,LS-linear+MMSE,LS-linear,MMSE,100,87018,269200,0.32324665676077263,51569,67300,0.7662555720653789,2.924307676349791,9.320461285766115,0.7704749813675881,0.7704749891161918,0.027526087276637554,0.7745273953676224,2.915259388387203,0.5099540011724457
6201,15.0,Frame-LS-linear+ZF,Frame-LS-linear,ZF,100,15668,269200,0.058202080237741455,12403,67300,0.18429420505200594,0.5749507145654742,-4.807387638716297,0.12553081100806593,0.1255308119393885,0.015514220474287868,0.01710626167245209,0.17034193206578493,0.08308100019348785
6201,15.0,Frame-LS-linear+MMSE,Frame-LS-linear,MMSE,100,15668,269200,0.058202080237741455,12403,67300,0.18429420505200594,0.574950706213677,-4.8073877648884835,0.12553081100806593,0.1255308119393885,0.015514220474287868,0.01710626167245209,0.17034193206578493,0.08308100019348785
6201,15.0,Frame-LS-cubic+ZF,Frame-LS-cubic,ZF,100,15668,269200,0.058202080237741455,12403,67300,0.18429420505200594,0.5749507145654742,-4.807387638716297,0.09014113387092948,0.0901411348208785,0.015514220474287868,0.01710626167245209,0.17034193206578493,0.7323140022344887
6201,15.0,Frame-LS-cubic+MMSE,Frame-LS-cubic,MMSE,100,15668,269200,0.058202080237741455,12403,67300,0.18429420505200594,0.574950706213677,-4.8073877648884835,0.09014113387092948,0.0901411348208785,0.015514220474287868,0.01710626167245209,0.17034193206578493,0.7323140022344887
6201,15.0,DFT-LS+ZF,DFT-LS,ZF,100,16118,269200,0.05987369985141159,12731,67300,0.18916790490341753,0.9091046529644392,-0.8277223886115719,0.08181680955458433,0.08181681019021197,0.027264737359946594,0.024362325160764156,0.1609023012383841,0.05891499953577295
6201,15.0,DFT-LS+MMSE,DFT-LS,MMSE,100,16118,269200,0.05987369985141159,12731,67300,0.18916790490341753,0.9091046768110206,-0.8277221607733678,0.08181680955458433,0.08181681019021197,0.027264737359946594,0.024362325160764156,0.1609023012383841,0.05891499953577295
6201,15.0,LMMSE-oracle+ZF,LMMSE-oracle,ZF,100,11482,269200,0.04265230312035661,9131,67300,0.13567607726597325,0.5208298648006685,-5.666082418664113,0.0029444723424967376,0.002944472373928875,0.00238636996189598,0.0023645932652289047,0.022827672865241767,0.02718600066145882
6201,15.0,LMMSE-oracle+MMSE,LMMSE-oracle,MMSE,100,11482,269200,0.04265230312035661,9131,67300,0.13567607726597325,0.520829905611199,-5.666081738066141,0.0029444723424967376,0.002944472373928875,0.00238636996189598,0.0023645932652289047,0.022827672865241767,0.02718600066145882
6201,15.0,LMMSE-train-prior+ZF,LMMSE-train-prior,ZF,100,11771,269200,0.0437258543833581,9351,67300,0.13894502228826153,0.6198036455682144,-4.154917473018848,0.006132564677391201,0.006132564735598862,0.003396557361120358,0.003384212834062055,0.031087972443783654,0.021518000576179475
6201,15.0,LMMSE-train-prior+MMSE,LMMSE-train-prior,MMSE,100,11771,269200,0.0437258543833581,9351,67300,0.13894502228826153,0.6198036197283296,-4.15491783513739,0.006132564677391201,0.006132564735598862,0.003396557361120358,0.003384212834062055,0.031087972443783654,0.021518000576179475
6201,15.0,PerfectCSI+ZF,PerfectCSI,ZF,100,10666,269200,0.03962109955423477,8498,67300,0.1262704309063893,0.4248518134660964,-7.435250472702818,0.0,0.0,0.0,0.0,0.0,0.004494999011512846
6201,15.0,PerfectCSI+MMSE,PerfectCSI,MMSE,100,10666,269200,0.03962109955423477,8498,67300,0.1262704309063893,0.42485182151079026,-7.435250308232948,0.0,0.0,0.0,0.0,0.0,0.004494999011512846
6201,15.0,ResidualCNN+ZF,ResidualCNN,ZF,100,12338,269200,0.04583209509658247,9790,67300,0.14546805349182765,0.5098903002668961,-5.850464992289307,0.019358634192030877,0.019358634324744342,0.006391550395637751,0.0061899131257086995,0.045216792691498996,2.4399420007830486
6201,15.0,ResidualCNN+MMSE,ResidualCNN,MMSE,100,12338,269200,0.04583209509658247,9790,67300,0.14546805349182765,0.5098902973862611,-5.8504650413604065,0.019358634192030877,0.019358634324744342,0.006391550395637751,0.0061899131257086995,0.045216792691498996,2.4399420007830486
6201,20.0,LS-linear+ZF,LS-linear,ZF,100,86290,269200,0.32054234769687967,51130,67300,0.7597325408618127,3.2354750906138947,10.198761212198209,0.7535505390167236,0.7535505476593971,0.008703458975069224,0.7696150904893875,2.815289558470249,0.5126679988461547
6201,20.0,LS-linear+MMSE,LS-linear,MMSE,100,86290,269200,0.32054234769687967,51130,67300,0.7597325408618127,3.235475102919549,10.198761245233714,0.7535505390167236,0.7535505476593971,0.008703458975069224,0.7696150904893875,2.815289558470249,0.5126679988461547
6201,20.0,Frame-LS-linear+ZF,Frame-LS-linear,ZF,100,5608,269200,0.020832095096582466,4547,67300,0.0675631500742942,0.343515145400434,-9.281082207382244,0.1272790265083313,0.12727902895770968,0.004978142706677318,0.005482661223504692,0.049105938775464895,0.0831480001215823
6201,20.0,Frame-LS-linear+MMSE,Frame-LS-linear,MMSE,100,5608,269200,0.020832095096582466,4547,67300,0.0675631500742942,0.3435151440758216,-9.281082240875488,0.1272790265083313,0.12727902895770968,0.004978142706677318,0.005482661223504692,0.049105938775464895,0.0831480001215823
6201,20.0,Frame-LS-cubic+ZF,Frame-LS-cubic,ZF,100,5608,269200,0.020832095096582466,4547,67300,0.0675631500742942,0.343515145400434,-9.281082207382244,0.073578882929869,0.07357888419181108,0.004978142706677318,0.005482661223504692,0.049105938775464895,0.7363139968947507
6201,20.0,Frame-LS-cubic+MMSE,Frame-LS-cubic,MMSE,100,5608,269200,0.020832095096582466,4547,67300,0.0675631500742942,0.3435151440758216,-9.281082240875488,0.073578882929869,0.07357888419181108,0.004978142706677318,0.005482661223504692,0.049105938775464895,0.7363139968947507
6201,20.0,DFT-LS+ZF,DFT-LS,ZF,100,9588,269200,0.03561664190193165,7762,67300,0.11533432392273403,1.0238996964964189,0.2051482853015067,0.08897342016687616,0.08897342200623826,0.028279641319531947,0.025017534401849843,0.14771218854933976,0.06021599838277325
6201,20.0,DFT-LS+MMSE,DFT-LS,MMSE,100,9588,269200,0.03561664190193165,7762,67300,0.11533432392273403,1.0238996387517614,0.2051477954451877,0.08897342016687616,0.08897342200623826,0.028279641319531947,0.025017534401849843,0.14771218854933976,0.06021599838277325
6201,20.0,LMMSE-oracle+ZF,LMMSE-oracle,ZF,100,3825,269200,0.014208766716196137,3125,67300,0.046433878157503716,0.2571163862215792,-11.797404891192727,0.0009064763056812808,0.0009064763158676215,0.0006985101196914912,0.0006895298330346122,0.005902527963044122,0.027168999949935824
6201,20.0,LMMSE-oracle+MMSE,LMMSE-oracle,MMSE,100,3825,269200,0.014208766716196137,3125,67300,0.046433878157503716,0.2571163878806932,-11.797404835144643,0.0009064763056812808,0.0009064763158676215,0.0006985101196914912,0.0006895298330346122,0.005902527963044122,0.027168999949935824
6201,20.0,LMMSE-train-prior+ZF,LMMSE-train-prior,ZF,100,3981,269200,0.014788261515601782,3232,67300,0.04802377414561664,0.2918386104146501,-10.697145024673794,0.0019713697728002445,0.0019713697890983897,0.001064974188338965,0.0010735096264397725,0.00914161635329947,0.021825998555868864
6201,20.0,LMMSE-train-prior+MMSE,LMMSE-train-prior,MMSE,100,3981,269200,0.014788261515601782,3232,67300,0.04802377414561664,0.291838608648409,-10.697145077241805,0.0019713697728002445,0.0019713697890983897,0.001064974188338965,0.0010735096264397725,0.00914161635329947,0.021825998555868864
6201,20.0,PerfectCSI+ZF,PerfectCSI,ZF,100,3567,269200,0.01325037147102526,2888,67300,0.042912332838038636,0.5820323752247512,-4.701057145820026,0.0,0.0,0.0,0.0,0.0,0.004575999919325113
6201,20.0,PerfectCSI+MMSE,PerfectCSI,MMSE,100,3567,269200,0.01325037147102526,2888,67300,0.042912332838038636,0.5820323770937069,-4.701057117928892,0.0,0.0,0.0,0.0,0.0,0.004575999919325113
6201,20.0,ResidualCNN+ZF,ResidualCNN,ZF,100,4627,269200,0.017187964338781576,3796,67300,0.05640416047548291,0.3109223223710415,-10.146961941602877,0.01867734915111214,0.018677349458448587,0.004332567531382665,0.004109029461396858,0.023391814758069812,2.426707001286559
6201,20.0,ResidualCNN+MMSE,ResidualCNN,MMSE,100,4627,269200,0.017187964338781576,3796,67300,0.05640416047548291,0.3109223259839745,-10.146961840672404,0.01867734915111214,0.018677349458448587,0.004332567531382665,0.004109029461396858,0.023391814758069812,2.426707001286559
6201,25.0,LS-linear+ZF,LS-linear,ZF,100,85479,269200,0.3175297176820208,51085,67300,0.7590638930163447,2.889783608121123,9.217306465390852,0.753049159348011,0.7530491653084755,0.002714483884628862,0.7827041737735272,2.7082776337862016,0.5391740001505241
6201,25.0,LS-linear+MMSE,LS-linear,MMSE,100,85479,269200,0.3175297176820208,51085,67300,0.7590638930163447,2.8897836160623225,9.217306489259899,0.753049159348011,0.7530491653084755,0.002714483884628862,0.7827041737735272,2.7082776337862016,0.5391740001505241
6201,25.0,Frame-LS-linear+ZF,Frame-LS-linear,ZF,100,1529,269200,0.0056797919762258545,1258,67300,0.018692421991084694,0.15639176195843796,-16.115722548569483,0.10504240745911375,0.10504240791546181,0.0015389913541730494,0.0017051228357013316,0.013840045100077986,0.08820799994282424
6201,25.0,Frame-LS-linear+MMSE,Frame-LS-linear,MMSE,100,1529,269200,0.0056797919762258545,1258,67300,0.018692421991084694,0.1563917670660598,-16.115722264895727,0.10504240745911375,0.10504240791546181,0.0015389913541730494,0.0017051228357013316,0.013840045100077986,0.08820799994282424
6201,25.0,Frame-LS-cubic+ZF,Frame-LS-cubic,ZF,100,1529,269200,0.0056797919762258545,1258,67300,0.018692421991084694,0.15639176195843796,-16.115722548569483,0.06515309865586459,0.06515309896320104,0.0015389913541730494,0.0017051228357013316,0.013840045100077986,0.7913659975747578
6201,25.0,Frame-LS-cubic+MMSE,Frame-LS-cubic,MMSE,100,1529,269200,0.0056797919762258545,1258,67300,0.018692421991084694,0.1563917670660598,-16.115722264895727,0.06515309865586459,0.06515309896320104,0.0015389913541730494,0.0017051228357013316,0.013840045100077986,0.7913659975747578
6201,25.0,DFT-LS+ZF,DFT-LS,ZF,100,6353,269200,0.023599554234769688,5162,67300,0.07670133729569094,0.3588207766343914,-8.902448362925064,0.07508180008444469,0.0750818004523171,0.022977479640685486,0.020320855315367224,0.12212649563443848,0.06410400033928454
6201,25.0,DFT-LS+MMSE,DFT-LS,MMSE,100,6353,269200,0.023599554234769688,5162,67300,0.07670133729569094,0.3588207695107013,-8.902448535366545,0.07508180008444469,0.0750818004523171,0.022977479640685486,0.020320855315367224,0.12212649563443848,0.06410400033928454
6201,25.0,LMMSE-oracle+ZF,LMMSE-oracle,ZF,100,1117,269200,0.004149331352154532,935,67300,0.01389301634472511,0.13586679287715317,-17.337733519134463,0.000288577878891374,0.00028857788136519956,0.00022324209472571966,0.00022102473754785024,0.00178257517691236,0.029847998812329024
6201,25.0,LMMSE-oracle+MMSE,LMMSE-oracle,MMSE,100,1117,269200,0.004149331352154532,935,67300,0.01389301634472511,0.135866792080193,-17.337733570083692,0.000288577878891374,0.00028857788136519956,0.00022324209472571966,0.00022102473754785024,0.00178257517691236,0.029847998812329024
6201,25.0,LMMSE-train-prior+ZF,LMMSE-train-prior,ZF,100,1146,269200,0.004257057949479941,953,67300,0.014160475482912332,0.19936907672982623,-14.006844046571953,0.0006417043182591442,0.0006417043239343911,0.000328175615723012,0.000329361292097019,0.002759674733679276,0.023632002994418144
6201,25.0,LMMSE-train-prior+MMSE,LMMSE-train-prior,MMSE,100,1146,269200,0.004257057949479941,953,67300,0.014160475482912332,0.1993690941184227,-14.006843289005005,0.0006417043182591442,0.0006417043239343911,0.000328175615723012,0.000329361292097019,0.002759674733679276,0.023632002994418144
6201,25.0,PerfectCSI+ZF,PerfectCSI,ZF,100,1018,269200,0.0037815750371471024,850,67300,0.01263001485884101,0.12900619390431406,-17.78778875310219,0.0,0.0,0.0,0.0,0.0,0.0048299963236786425
6201,25.0,PerfectCSI+MMSE,PerfectCSI,MMSE,100,1018,269200,0.0037815750371471024,850,67300,0.01263001485884101,0.12900619163396054,-17.78778890596338,0.0,0.0,0.0,0.0,0.0,0.0048299963236786425
6201,25.0,ResidualCNN+ZF,ResidualCNN,ZF,100,1715,269200,0.00637072808320951,1432,67300,0.021277860326894504,0.3470128125497177,-9.193089794273918,0.015947225149720908,0.01594722523819655,0.003513961500721052,0.0033077875315211712,0.016822826245334,2.6633010007208213
6201,25.0,ResidualCNN+MMSE,ResidualCNN,MMSE,100,1715,269200,0.00637072808320951,1432,67300,0.021277860326894504,0.34701278074252573,-9.193090590422537,0.015947225149720908,0.01594722523819655,0.003513961500721052,0.0033077875315211712,0.016822826245334,2.6633010007208213
6201,30.0,LS-linear+ZF,LS-linear,ZF,100,87392,269200,0.32463595839524517,51462,67300,0.764665676077266,3.3323855998593537,10.455104981957327,0.7617123949527741,0.7617124003171921,0.0008821431500837207,0.7998401939868927,2.9386180898547174,0.5397169990465045
6201,30.0,LS-linear+MMSE,LS-linear,MMSE,100,87392,269200,0.32463595839524517,51462,67300,0.764665676077266,3.3323855839762877,10.45510494055799,0.7617123949527741,0.7617124003171921,0.0008821431500837207,0.7998401939868927,2.9386180898547174,0.5397169990465045
6201,30.0,Frame-LS-linear+ZF,Frame-LS-linear,ZF,100,748,269200,0.0027786032689450222,590,67300,0.008766716196136701,0.2037990593805787,-13.81595649557781,0.10626683447510005,0.10626683495007455,0.0004955911246361211,0.000544576070678886,0.005110759888775646,0.08722199941985309
6201,30.0,Frame-LS-linear+MMSE,Frame-LS-linear,MMSE,100,748,269200,0.0027786032689450222,590,67300,0.008766716196136701,0.20379907787116158,-13.815955707511588,0.10626683447510005,0.10626683495007455,0.0004955911246361211,0.000544576070678886,0.005110759888775646,0.08722199941985309
6201,30.0,Frame-LS-cubic+ZF,Frame-LS-cubic,ZF,100,748,269200,0.0027786032689450222,590,67300,0.008766716196136701,0.2037990593805787,-13.81595649557781,0.05763503938680515,0.05763503978028894,0.0004955911246361211,0.000544576070678886,0.005110759888775646,0.781406000314746
6201,30.0,Frame-LS-cubic+MMSE,Frame-LS-cubic,MMSE,100,748,269200,0.0027786032689450222,590,67300,0.008766716196136701,0.20379907787116158,-13.815955707511588,0.05763503938680515,0.05763503978028894,0.0004955911246361211,0.000544576070678886,0.005110759888775646,0.781406000314746
6201,30.0,DFT-LS+ZF,DFT-LS,ZF,100,6410,269200,0.023811292719167904,4898,67300,0.07277860326894502,0.35095041038764996,-9.095084908090632,0.07615922825410962,0.07615922865923494,0.023767188552883452,0.021089996850350873,0.14829965108074247,0.06443400197895244
6201,30.0,DFT-LS+MMSE,DFT-LS,MMSE,100,6410,269200,0.023811292719167904,4898,67300,0.07277860326894502,0.3509504116968058,-9.095084875689523,0.07615922825410962,0.07615922865923494,0.023767188552883452,0.021089996850350873,0.14829965108074247,0.06443400197895244
6201,30.0,LMMSE-oracle+ZF,LMMSE-oracle,ZF,100,557,269200,0.0020690936106983657,427,67300,0.006344725111441307,0.1707448545069253,-15.353047503197415,8.379870343560469e-05,8.379870419958024e-05,6.816335475377855e-05,6.754870350050623e-05,0.0006053227109077853,0.029244001780170947
6201,30.0,LMMSE-oracle+MMSE,LMMSE-oracle,MMSE,100,557,269200,0.0020690936106983657,427,67300,0.006344725111441307,0.1707448605302893,-15.353047196785406,8.379870343560469e-05,8.379870419958024e-05,6.816335475377855e-05,6.754870350050623e-05,0.0006053227109077853,0.029244001780170947
6201,30.0,LMMSE-train-prior+ZF,LMMSE-train-prior,ZF,100,601,269200,0.0022325408618127786,452,67300,0.0067161961367013375,0.2103715194511985,-13.54026112519634,0.00020974212344299304,0.0002097421247526654,0.00010689349161111749,0.00010846395849512192,0.001046021800611925,0.02326999936485663
6201,30.0,LMMSE-train-prior+MMSE,LMMSE-train-prior,MMSE,100,601,269200,0.0022325408618127786,452,67300,0.0067161961367013375,0.2103715166330145,-13.540261241554463,0.00020974212344299304,0.0002097421247526654,0.00010689349161111749,0.00010846395849512192,0.001046021800611925,0.02326999936485663
6201,30.0,PerfectCSI+ZF,PerfectCSI,ZF,100,545,269200,0.002024517087667162,412,67300,0.0061218424962852895,0.11829780755110673,-18.54046608415814,0.0,0.0,0.0,0.0,0.0,0.004829003009945154
6201,30.0,PerfectCSI+MMSE,PerfectCSI,MMSE,100,545,269200,0.002024517087667162,412,67300,0.0061218424962852895,0.11829780143780601,-18.5404665330207,0.0,0.0,0.0,0.0,0.0,0.004829003009945154
6201,30.0,ResidualCNN+ZF,ResidualCNN,ZF,100,1226,269200,0.004554234769687964,970,67300,0.014413075780089154,0.14855850059874193,-16.562049851625446,0.01589770782273263,0.015897707887925206,0.0031996663630707188,0.003009712428320199,0.015492185185430572,2.6246129992068745
6201,30.0,ResidualCNN+MMSE,ResidualCNN,MMSE,100,1226,269200,0.004554234769687964,970,67300,0.014413075780089154,0.14855850457168837,-16.562049619335983,0.01589770782273263,0.015897707887925206,0.0031996663630707188,0.003009712428320199,0.015492185185430572,2.6246129992068745
6301,0.0,LS-linear+ZF,LS-linear,ZF,100,114344,269200,0.4247548291233284,59717,67300,0.8873254086181278,4.051195500344814,12.151664032628997,1.318556365966797,1.3185563749074936,0.8552445906400681,1.2845940440893173,8.009230387210845,0.5213559986441396
6301,0.0,LS-linear+MMSE,LS-linear,MMSE,100,114344,269200,0.4247548291233284,59717,67300,0.8873254086181278,4.051195592262926,12.151664229704295,1.318556365966797,1.3185563749074936,0.8552445906400681,1.2845940440893173,8.009230387210845,0.5213559986441396
6301,0.0,Frame-LS-linear+ZF,Frame-LS-linear,ZF,100,94369,269200,0.35055349182763745,54636,67300,0.8118276374442793,3.357626985560046,10.520648933651248,0.5981220129132271,0.5981220170855522,0.47789679765701293,0.5267976722121239,4.788755253553391,0.08599799999501556
6301,0.0,Frame-LS-linear+MMSE,Frame-LS-linear,MMSE,100,94369,269200,0.35055349182763745,54636,67300,0.8118276374442793,3.3576270986292336,10.52064922615142,0.5981220129132271,0.5981220170855522,0.47789679765701293,0.5267976722121239,4.788755253553391,0.08599799999501556
6301,0.0,Frame-LS-cubic+ZF,Frame-LS-cubic,ZF,100,94369,269200,0.35055349182763745,54636,67300,0.8118276374442793,3.357626985560046,10.520648933651248,0.9510352921485901,0.9510352990031242,0.47789679765701293,0.5267976722121239,4.788755253553391,0.771743999212049
6301,0.0,Frame-LS-cubic+MMSE,Frame-LS-cubic,MMSE,100,94369,269200,0.35055349182763745,54636,67300,0.8118276374442793,3.3576270986292336,10.52064922615142,0.9510352921485901,0.9510352990031242,0.47789679765701293,0.5267976722121239,4.788755253553391,0.771743999212049
6301,0.0,DFT-LS+ZF,DFT-LS,ZF,100,84997,269200,0.31573922734026744,51202,67300,0.7608023774145617,2.7435651807050756,8.766305649557776,0.17111726585775613,0.1711172668263316,0.10394229216501116,0.10069575544446707,0.8574315536022187,0.06543399940710515
6301,0.0,DFT-LS+MMSE,DFT-LS,MMSE,100,84997,269200,0.31573922734026744,51202,67300,0.7608023774145617,2.7435651580285905,8.766305577765989,0.17111726585775613,0.1711172668263316,0.10394229216501116,0.10069575544446707,0.8574315536022187,0.06543399940710515
6301,0.0,LMMSE-oracle+ZF,LMMSE-oracle,ZF,100,84417,269200,0.31358469539375927,50871,67300,0.7558841010401188,2.9327570463029065,9.345521738163201,0.0867518568970263,0.08675185741856695,0.07065990973263979,0.0699496821500361,0.5854854841157794,0.02990399836562574
6301,0.0,LMMSE-oracle+MMSE,LMMSE-oracle,MMSE,100,84417,269200,0.31358469539375927,50871,67300,0.7558841010401188,2.9327569936559486,9.345521582239726,0.0867518568970263,0.08675185741856695,0.07065990973263979,0.0699496821500361,0.5854854841157794,0.02990399836562574
6301,0.0,LMMSE-train-prior+ZF,LMMSE-train-prior,ZF,100,85579,269200,0.31790118870728085,51196,67300,0.7607132243684993,3.1929257355405594,10.08377634748782,0.13001579623669385,0.1300157969072461,0.09613600511103869,0.09489619970321655,0.7081062031909824,0.024090000370051712
6301,0.0,LMMSE-train-prior+MMSE,LMMSE-train-prior,MMSE,100,85579,269200,0.31790118870728085,51196,67300,0.7607132243684993,3.1929257365361474,10.083776350196175,0.13001579623669385,0.1300157969072461,0.09613600511103869,0.09489619970321655,0.7081062031909824,0.024090000370051712
6301,0.0,PerfectCSI+ZF,PerfectCSI,ZF,100,81213,269200,0.30168276374442793,49714,67300,0.7386924219910846,2.584215995304818,8.246576205413229,0.0,0.0,0.0,0.0,0.0,0.0047860012273304164
6301,0.0,PerfectCSI+MMSE,PerfectCSI,MMSE,100,81213,269200,0.30168276374442793,49714,67300,0.7386924219910846,2.5842160276388197,8.246576314092056,0.0,0.0,0.0,0.0,0.0,0.0047860012273304164
6301,0.0,ResidualCNN+ZF,ResidualCNN,ZF,100,85533,269200,0.3177303120356612,51299,67300,0.7622436849925706,2.996434171504551,9.532094822920337,0.13404574684798717,0.13404574785381557,0.10000948343425989,0.10019526831805706,0.8567131747305393,2.664053999178577
6301,0.0,ResidualCNN+MMSE,ResidualCNN,MMSE,100,85533,269200,0.3177303120356612,51299,67300,0.7622436849925706,2.9964341558945495,9.53209477767097,0.13404574684798717,0.13404574785381557,0.10000948343425989,0.10019526831805706,0.8567131747305393,2.664053999178577
6301,5.0,LS-linear+ZF,LS-linear,ZF,100,102796,269200,0.38185735512630015,56844,67300,0.8446359583952452,3.397376724168509,10.622874141146202,0.958415323793888,0.9584153327345848,0.2667633859813213,0.9368871501088143,4.371477037668228,0.5320670001674443
6301,5.0,LS-linear+MMSE,LS-linear,MMSE,100,102797,269200,0.38186106983655277,56844,67300,0.8446359583952452,3.3973767006608897,10.622874081045541,0.958415323793888,0.9584153327345848,0.2667633859813213,0.9368871501088143,4.371477037668228,0.5320670001674443
6301,5.0,Frame-LS-linear+ZF,Frame-LS-linear,ZF,100,65895,269200,0.24478083209509657,44077,67300,0.6549331352154532,1.7057645019850018,4.638381444623402,0.27941893085837366,0.27941893294453624,0.15249008543789386,0.16811007633805275,1.5655409803986549,0.08832700084894896
6301,5.0,Frame-LS-linear+MMSE,Frame-LS-linear,MMSE,100,65895,269200,0.24478083209509657,44077,67300,0.6549331352154532,1.7057645316466636,4.6383815956629615,0.27941893085837366,0.27941893294453624,0.15249008543789386,0.16811007633805275,1.5655409803986549,0.08832700084894896
6301,5.0,Frame-LS-cubic+ZF,Frame-LS-cubic,ZF,100,65895,269200,0.24478083209509657,44077,67300,0.6549331352154532,1.7057645019850018,4.638381444623402,0.37711150795221327,0.3771115107834339,0.15249008543789386,0.16811007633805275,1.5655409803986549,0.7677149982191622
6301,5.0,Frame-LS-cubic+MMSE,Frame-LS-cubic,MMSE,100,65895,269200,0.24478083209509657,44077,67300,0.6549331352154532,1.7057645316466636,4.6383815956629615,0.37711150795221327,0.3771115107834339,0.15249008543789386,0.16811007633805275,1.5655409803986549,0.7677149982191622
6301,5.0,DFT-LS+ZF,DFT-LS,ZF,100,57732,269200,0.21445765230312036,39898,67300,0.5928380386329867,1.4980665171199254,3.5106219465317516,0.11511212158948184,0.11511212237179279,0.05117601677775383,0.04787138433195651,0.3651115942373872,0.06354000041028485
6301,5.0,DFT-LS+MMSE,DFT-LS,MMSE,100,57732,269200,0.21445765230312036,39898,67300,0.5928380386329867,1.4980665501367336,3.510622137965407,0.11511212158948184,0.11511212237179279,0.05117601677775383,0.04787138433195651,0.3651115942373872,0.06354000041028485
6301,5.0,LMMSE-oracle+ZF,LMMSE-oracle,ZF,100,55643,269200,0.20669762258543833,38748,67300,0.5757503714710253,1.3998390691511415,2.9215622078938557,0.026982526741921902,0.026982527002692224,0.021680196672677995,0.021453882716596127,0.18457438348792493,0.029106000147294253
6301,5.0,LMMSE-oracle+MMSE,LMMSE-oracle,MMSE,100,55643,269200,0.20669762258543833,38748,67300,0.5757503714710253,1.3998390887629188,2.921562329583367,0.026982526741921902,0.026982527002692224,0.021680196672677995,0.021453882716596127,0.18457438348792493,0.029106000147294253
6301,5.0,LMMSE-train-prior+ZF,LMMSE-train-prior,ZF,100,56360,269200,0.20936106983655275,39142,67300,0.5816047548291233,1.5157641232242616,3.6126324698212695,0.04719044210389257,0.047190442569553855,0.029678884828463196,0.029449979439377785,0.2291783772967756,0.022566999250557274
6301,5.0,LMMSE-train-prior+MMSE,LMMSE-train-prior,MMSE,100,56360,269200,0.20936106983655275,39142,67300,0.5816047548291233,1.515764092688536,3.612632294840255,0.04719044210389257,0.047190442569553855,0.029678884828463196,0.029449979439377785,0.2291783772967756,0.022566999250557274
6301,5.0,PerfectCSI+ZF,PerfectCSI,ZF,100,53596,269200,0.19909361069836554,37526,67300,0.557592867756315,1.3615878233710792,2.6809131775717883,0.0,0.0,0.0,0.0,0.0,0.004817999433726072
6301,5.0,PerfectCSI+MMSE,PerfectCSI,MMSE,100,53596,269200,0.19909361069836554,37526,67300,0.557592867756315,1.3615878362019096,2.680913259422679,0.0,0.0,0.0,0.0,0.0,0.004817999433726072
6301,5.0,ResidualCNN+ZF,ResidualCNN,ZF,100,56672,269200,0.21052005943536403,39276,67300,0.5835958395245171,1.6331609373937672,4.26057967486957,0.05279356085695326,0.05279356128536165,0.03290761993266642,0.03295821865089238,0.2864763353765011,2.5600359987583943
6301,5.0,ResidualCNN+MMSE,ResidualCNN,MMSE,100,56672,269200,0.21052005943536403,39276,67300,0.5835958395245171,1.6331609360045163,4.260579667480904,0.05279356085695326,0.05279356128536165,0.03290761993266642,0.03295821865089238,0.2864763353765011,2.5600359987583943
6301,10.0,LS-linear+ZF,LS-linear,ZF,100,93087,269200,0.34579123328380384,54238,67300,0.8059138187221396,3.2904227334112686,10.345033940726012,0.7958580762147903,0.7958580791950226,0.08522367611527443,0.8089442248642444,3.1727518433332444,0.5396069979178719
6301,10.0,LS-linear+MMSE,LS-linear,MMSE,100,93087,269200,0.34579123328380384,54238,67300,0.8059138187221396,3.2904227653761584,10.345034025105292,0.7958580762147903,0.7958580791950226,0.08522367611527443,0.8089442248642444,3.1727518433332444,0.5396069979178719
6301,10.0,Frame-LS-linear+ZF,Frame-LS-linear,ZF,100,36174,269200,0.13437592867756315,27374,67300,0.40674591381872216,1.3956085899786115,2.895272677384889,0.16411155555397272,0.1641115562990308,0.047775343805551526,0.052758200988173486,0.43221271082758905,0.08779200201388448
6301,10.0,Frame-LS-linear+MMSE,Frame-LS-linear,MMSE,100,36174,269200,0.13437592867756315,27374,67300,0.40674591381872216,1.3956085129096474,2.8952721977285294,0.16411155555397272,0.1641115562990308,0.047775343805551526,0.052758200988173486,0.43221271082758905,0.08779200201388448
6301,10.0,Frame-LS-cubic+ZF,Frame-LS-cubic,ZF,100,36174,269200,0.13437592867756315,27374,67300,0.40674591381872216,1.3956085899786115,2.895272677384889,0.17529170826077461,0.17529170922935008,0.047775343805551526,0.052758200988173486,0.43221271082758905,0.7719109990284778
6301,10.0,Frame-LS-cubic+MMSE,Frame-LS-cubic,MMSE,100,36174,269200,0.13437592867756315,27374,67300,0.40674591381872216,1.3956085129096474,2.8952721977285294,0.17529170826077461,0.17529170922935008,0.047775343805551526,0.052758200988173486,0.43221271082758905,0.7719109990284778
6301,10.0,DFT-LS+ZF,DFT-LS,ZF,100,32100,269200,0.11924219910846955,24568,67300,0.36505200594353643,1.3605170866770404,2.674080008724272,0.09208042205544188,0.09208042242797092,0.03250848275842145,0.029557158751413227,0.20124922840856016,0.06396199984010309
6301,10.0,DFT-LS+MMSE,DFT-LS,MMSE,100,32100,269200,0.11924219910846955,24568,67300,0.36505200594353643,1.3605170474402168,2.674079758226335,0.09208042205544188,0.09208042242797092,0.03250848275842145,0.029557158751413227,0.20124922840856016,0.06396199984010309
6301,10.0,LMMSE-oracle+ZF,LMMSE-oracle,ZF,100,28317,269200,0.10518945022288262,21820,67300,0.32421991084695395,1.0056165613653085,0.048648341496366154,0.0084677762305364,0.008467776272445916,0.006883627409115434,0.006813670797273516,0.057161201580893245,0.029647999326698482
6301,10.0,LMMSE-oracle+MMSE,LMMSE-oracle,MMSE,100,28317,269200,0.10518945022288262,21820,67300,0.32421991084695395,1.0056165469390244,0.04864821689110618,0.0084677762305364,0.008467776272445916,0.006883627409115434,0.006813670797273516,0.057161201580893245,0.029647999326698482
6301,10.0,LMMSE-train-prior+ZF,LMMSE-train-prior,ZF,100,28980,269200,0.10765230312035662,22258,67300,0.33072808320950964,0.9271968739147433,-0.6565608257008053,0.01754524079617113,0.01754524090792984,0.009775379239581525,0.009765447746030987,0.08415328857023269,0.022526999819092453
6301,10.0,LMMSE-train-prior+MMSE,LMMSE-train-prior,MMSE,100,28980,269200,0.10765230312035662,22258,67300,0.33072808320950964,0.9271968513618976,-0.6565610369736609,0.01754524079617113,0.01754524090792984,0.009775379239581525,0.009765447746030987,0.08415328857023269,0.022526999819092453
6301,10.0,PerfectCSI+ZF,PerfectCSI,ZF,100,27038,269200,0.10043833580980684,20867,67300,0.3100594353640416,0.8560412822025957,-1.3501058232681253,0.0,0.0,0.0,0.0,0.0,0.004812999977730215
6301,10.0,PerfectCSI+MMSE,PerfectCSI,MMSE,100,27038,269200,0.10043833580980684,20867,67300,0.3100594353640416,0.8560412634682442,-1.3501060133576863,0.0,0.0,0.0,0.0,0.0,0.004812999977730215
6301,10.0,ResidualCNN+ZF,ResidualCNN,ZF,100,29564,269200,0.10982169390787519,22667,67300,0.3368053491827637,1.486517745328335,3.4434019593785106,0.02969138742890209,0.029691387577913703,0.012946494496427477,0.012808581616263836,0.10303328022360801,2.5719399985973723
6301,10.0,ResidualCNN+MMSE,ResidualCNN,MMSE,100,29564,269200,0.10982169390787519,22667,67300,0.3368053491827637,1.4865177426216658,3.4434019435631393,0.02969138742890209,0.029691387577913703,0.012946494496427477,0.012808581616263836,0.10303328022360801,2.5719399985973723
6301,15.0,LS-linear+ZF,LS-linear,ZF,100,87565,269200,0.32527860326894503,51918,67300,0.7714413075780089,3.1228919090674028,9.89113904990674,0.7500241577625275,0.7500241631269455,0.027208069171756506,0.774218485057354,2.7252460917830468,0.5270520024350844
6301,15.0,LS-linear+MMSE,LS-linear,MMSE,100,87565,269200,0.32527860326894503,51918,67300,0.7714413075780089,3.122891891414433,9.89113900080746,0.7500241577625275,0.7500241631269455,0.027208069171756506,0.774218485057354,2.7252460917830468,0.5270520024350844
6301,15.0,Frame-LS-linear+ZF,Frame-LS-linear,ZF,100,15354,269200,0.05703566121842496,12206,67300,0.1813670133729569,0.6888070459843215,-3.2380483804359006,0.11612347444519401,0.11612347489222884,0.015670539680868387,0.017307768249884246,0.14727404123172164,0.08578100008890033
6301,15.0,Frame-LS-linear+MMSE,Frame-LS-linear,MMSE,100,15354,269200,0.05703566121842496,12206,67300,0.1813670133729569,0.6888070370135141,-3.2380484935582103,0.11612347444519401,0.11612347489222884,0.015670539680868387,0.017307768249884246,0.14727404123172164,0.08578100008890033
6301,15.0,Frame-LS-cubic+ZF,Frame-LS-cubic,ZF,100,15354,269200,0.05703566121842496,12206,67300,0.1813670133729569,0.6888070459843215,-3.2380483804359006,0.09151206836104393,0.09151206891983747,0.015670539680868387,0.017307768249884246,0.14727404123172164,0.7637850023456849
6301,15.0,Frame-LS-cubic+MMSE,Frame-LS-cubic,MMSE,100,15354,269200,0.05703566121842496,12206,67300,0.1813670133729569,0.6888070370135141,-3.2380484935582103,0.09151206836104393,0.09151206891983747,0.015670539680868387,0.017307768249884246,0.14727404123172164,0.7637850023456849
6301,15.0,DFT-LS+ZF,DFT-LS,ZF,100,15262,269200,0.05669390787518574,12133,67300,0.1802823179791976,0.5428760223384356,-5.305986795402555,0.07491392141208053,0.07491392174270003,0.023321877443231644,0.020736615522764623,0.15900480592623353,0.06247400073334575
6301,15.0,DFT-LS+MMSE,DFT-LS,MMSE,100,15262,269200,0.05669390787518574,12133,67300,0.1802823179791976,0.5428760358712591,-5.305986578880541,0.07491392141208053,0.07491392174270003,0.023321877443231644,0.020736615522764623,0.15900480592623353,0.06247400073334575
6301,15.0,LMMSE-oracle+ZF,LMMSE-oracle,ZF,100,11032,269200,0.04098068350668648,8860,67300,0.13164933135215454,0.4607085209586184,-6.731475105018631,0.0028812927420949564,0.002881292760721408,0.0021878868574276567,0.0021562296320917084,0.017969662916148082,0.028953002183698118
6301,15.0,LMMSE-oracle+MMSE,LMMSE-oracle,MMSE,100,11032,269200,0.04098068350668648,8860,67300,0.13164933135215454,0.4607085111620855,-6.731475289715898,0.0028812927420949564,0.002881292760721408,0.0021878868574276567,0.0021562296320917084,0.017969662916148082,0.028953002183698118
6301,15.0,LMMSE-train-prior+ZF,LMMSE-train-prior,ZF,100,11384,269200,0.042288261515601784,9122,67300,0.13554234769687964,0.6602866455429419,-3.6053497269813968,0.006063280783127994,0.006063280834350735,0.0032101499615237116,0.0032093787356279792,0.027688916901824998,0.023340999032370746
6301,15.0,LMMSE-train-prior+MMSE,LMMSE-train-prior,MMSE,100,11384,269200,0.042288261515601784,9122,67300,0.13554234769687964,0.6602866118617147,-3.6053501700487107,0.006063280783127994,0.006063280834350735,0.0032101499615237116,0.0032093787356279792,0.027688916901824998,0.023340999032370746
6301,15.0,PerfectCSI+ZF,PerfectCSI,ZF,100,10331,269200,0.03837667161961367,8284,67300,0.12309063893016345,0.39222901170228136,-8.12920572707063,0.0,0.0,0.0,0.0,0.0,0.004714000097010285
6301,15.0,PerfectCSI+MMSE,PerfectCSI,MMSE,100,10331,269200,0.03837667161961367,8284,67300,0.12309063893016345,0.39222901489663015,-8.129205656331953,0.0,0.0,0.0,0.0,0.0,0.004714000097010285
6301,15.0,ResidualCNN+ZF,ResidualCNN,ZF,100,11950,269200,0.04439078751857355,9572,67300,0.14222882615156018,0.4595712275565413,-6.7529433814234086,0.01852812308585271,0.01852812319761142,0.005975431513506919,0.005778070342494175,0.04301189653109759,2.5082219994510524
6301,15.0,ResidualCNN+MMSE,ResidualCNN,MMSE,100,11950,269200,0.04439078751857355,9572,67300,0.14222882615156018,0.459571238275748,-6.7529431788305585,0.01852812308585271,0.01852812319761142,0.005975431513506919,0.005778070342494175,0.04301189653109759,2.5082219994510524
6301,20.0,LS-linear+ZF,LS-linear,ZF,100,84190,269200,0.312741456166419,50556,67300,0.7512035661218425,3.1860263231585506,10.064987192988875,0.725731228441,0.7257312323153019,0.008505156706087291,0.7283893768489361,2.9829665556550027,0.5086570006096736
6301,20.0,LS-linear+MMSE,LS-linear,MMSE,100,84190,269200,0.312741456166419,50556,67300,0.7512035661218425,3.1860262849978223,10.064987088953362,0.725731228441,0.7257312323153019,0.008505156706087291,0.7283893768489361,2.9829665556550027,0.5086570006096736
6301,20.0,Frame-LS-linear+ZF,Frame-LS-linear,ZF,100,5778,269200,0.021463595839524518,4692,67300,0.06971768202080238,0.37192099404800905,-8.590986121346226,0.12585706043057143,0.125857061073184,0.004768831199035048,0.005250119289848953,0.04546944197732955,0.08396499819355085
6301,20.0,Frame-LS-linear+MMSE,Frame-LS-linear,MMSE,100,5778,269200,0.021463595839524518,4692,67300,0.06971768202080238,0.37192100653166654,-8.590985829801326,0.12585706043057143,0.125857061073184,0.004768831199035048,0.005250119289848953,0.04546944197732955,0.08396499819355085
6301,20.0,Frame-LS-cubic+ZF,Frame-LS-cubic,ZF,100,5778,269200,0.021463595839524518,4692,67300,0.06971768202080238,0.37192099404800905,-8.590986121346226,0.06980510528199374,0.06980510571040213,0.004768831199035048,0.005250119289848953,0.04546944197732955,0.739173001202289
6301,20.0,Frame-LS-cubic+MMSE,Frame-LS-cubic,MMSE,100,5778,269200,0.021463595839524518,4692,67300,0.06971768202080238,0.37192100653166654,-8.590985829801326,0.06980510528199374,0.06980510571040213,0.004768831199035048,0.005250119289848953,0.04546944197732955,0.739173001202289
6301,20.0,DFT-LS+ZF,DFT-LS,ZF,100,10116,269200,0.037578008915304606,8157,67300,0.1212035661218425,0.4355128749203563,-7.219980031302482,0.08810513296863064,0.08810513329459355,0.027516622997354717,0.0243701499060262,0.14184021275956182,0.05972000042675063
6301,20.0,DFT-LS+MMSE,DFT-LS,MMSE,100,10116,269200,0.037578008915304606,8157,67300,0.1212035661218425,0.4355128723487331,-7.219980082591057,0.08810513296863064,0.08810513329459355,0.027516622997354717,0.0243701499060262,0.14184021275956182,0.05972000042675063
6301,20.0,LMMSE-oracle+ZF,LMMSE-oracle,ZF,100,4055,269200,0.015063150074294205,3279,67300,0.0487221396731055,0.4127503937260434,-7.686250075756847,0.0008769746003963519,0.0008769746062171179,0.0007168729382101447,0.0007100400538183749,0.0062405780010158195,0.027481000579427928
6301,20.0,LMMSE-oracle+MMSE,LMMSE-oracle,MMSE,100,4055,269200,0.015063150074294205,3279,67300,0.0487221396731055,0.41275041038452726,-7.686249725196916,0.0008769746003963519,0.0008769746062171179,0.0007168729382101447,0.0007100400538183749,0.0062405780010158195,0.027481000579427928
6301,20.0,LMMSE-train-prior+ZF,LMMSE-train-prior,ZF,100,4232,269200,0.015720653789004457,3415,67300,0.05074294205052006,0.34185935387058874,-9.323050650876095,0.001819393316982314,0.0018193933292059228,0.0010504833393497393,0.0010509233881020917,0.00969708766497206,0.021539001318160444
6301,20.0,LMMSE-train-prior+MMSE,LMMSE-train-prior,MMSE,100,4232,269200,0.015720653789004457,3415,67300,0.05074294205052006,0.34185935266795947,-9.323050681432242,0.001819393316982314,0.0018193933292059228,0.0010504833393497393,0.0010509233881020917,0.00969708766497206,0.021539001318160444
6301,20.0,PerfectCSI+ZF,PerfectCSI,ZF,100,3780,269200,0.014041604754829124,3070,67300,0.04561664190193165,0.2558027935294993,-11.841894341179977,0.0,0.0,0.0,0.0,0.0,0.0045159991714172065
6301,20.0,PerfectCSI+MMSE,PerfectCSI,MMSE,100,3780,269200,0.014041604754829124,3070,67300,0.04561664190193165,0.25580279685477153,-11.841894228268986,0.0,0.0,0.0,0.0,0.0,0.0045159991714172065
6301,20.0,ResidualCNN+ZF,ResidualCNN,ZF,100,4924,269200,0.018291233283803863,3987,67300,0.05924219910846954,0.39416916710122224,-8.086347006586006,0.018282085383543745,0.018282085462706165,0.004093980025500059,0.0038836107432143763,0.026503079906105995,2.458486999676097
6301,20.0,ResidualCNN+MMSE,ResidualCNN,MMSE,100,4924,269200,0.018291233283803863,3987,67300,0.05924219910846954,0.3941691578937894,-8.086347209480481,0.018282085383543745,0.018282085462706165,0.004093980025500059,0.0038836107432143763,0.026503079906105995,2.458486999676097
6301,25.0,LS-linear+ZF,LS-linear,ZF,100,86479,269200,0.3212444279346211,50963,67300,0.7572511144130758,3.273686940825002,10.300742918910926,0.7772721332311631,0.7772721368074417,0.002754970344249159,0.7878712190687657,2.809277588427067,0.5362119994242676
6301,25.0,LS-linear+MMSE,LS-linear,MMSE,100,86479,269200,0.3212444279346211,50963,67300,0.7572511144130758,3.27368698377037,10.300743032855458,0.7772721332311631,0.7772721368074417,0.002754970344249159,0.7878712190687657,2.809277588427067,0.5362119994242676
6301,25.0,Frame-LS-linear+ZF,Frame-LS-linear,ZF,100,2088,269200,0.0077563150074294205,1695,67300,0.025185735512630016,0.20619595282567993,-13.71439726434044,0.11531800865195692,0.11531800914090126,0.0015632206876762212,0.00172938542207703,0.017038484511431307,0.08821100112982094
6301,25.0,Frame-LS-linear+MMSE,Frame-LS-linear,MMSE,100,2088,269200,0.0077563150074294205,1695,67300,0.025185735512630016,0.20619595220708808,-13.714397290398274,0.11531800865195692,0.11531800914090126,0.0015632206876762212,0.00172938542207703,0.017038484511431307,0.08821100112982094
6301,25.0,Frame-LS-cubic+ZF,Frame-LS-cubic,ZF,100,2088,269200,0.0077563150074294205,1695,67300,0.025185735512630016,0.20619595282567993,-13.71439726434044,0.06295193404192105,0.06295193421887234,0.0015632206876762212,0.00172938542207703,0.017038484511431307,0.7726710007409565
6301,25.0,Frame-LS-cubic+MMSE,Frame-LS-cubic,MMSE,100,2088,269200,0.0077563150074294205,1695,67300,0.025185735512630016,0.20619595220708808,-13.714397290398274,0.06295193404192105,0.06295193421887234,0.0015632206876762212,0.00172938542207703,0.017038484511431307,0.7726710007409565
6301,25.0,DFT-LS+ZF,DFT-LS,ZF,100,7830,269200,0.029086181277860328,6105,67300,0.09071322436849925,0.4272764318970162,-7.385821234662812,0.0819697186013218,0.08196971885743551,0.02592380040267017,0.02293831979390234,0.17559142702491953,0.06385899905581027
6301,25.0,DFT-LS+MMSE,DFT-LS,MMSE,100,7830,269200,0.029086181277860328,6105,67300,0.09071322436849925,0.42727641869573907,-7.385821503024999,0.0819697186013218,0.08196971885743551,0.02592380040267017,0.02293831979390234,0.17559142702491953,0.06385899905581027
6301,25.0,LMMSE-oracle+ZF,LMMSE-oracle,ZF,100,1452,269200,0.005393759286775632,1177,67300,0.0174888558692422,0.16279736942918321,-15.767052339258225,0.00026948131373501384,0.00026948131519020533,0.00022760659827326891,0.00022623480108450167,0.002373044767882675,0.028419002192094922
6301,25.0,LMMSE-oracle+MMSE,LMMSE-oracle,MMSE,100,1452,269200,0.005393759286775632,1177,67300,0.0174888558692422,0.16279736247565363,-15.767052710256799,0.00026948131373501384,0.00026948131519020533,0.00022760659827326891,0.00022623480108450167,0.002373044767882675,0.028419002192094922
6301,25.0,LMMSE-train-prior+ZF,LMMSE-train-prior,ZF,100,1493,269200,0.005546062407132244,1207,67300,0.017934621099554234,0.17455488442816616,-15.161359883370093,0.0006355587716097943,0.0006355587742291391,0.000342492269774084,0.0003454951821186114,0.003373004827299155,0.02298800100106746
6301,25.0,LMMSE-train-prior+MMSE,LMMSE-train-prior,MMSE,100,1493,269200,0.005546062407132244,1207,67300,0.017934621099554234,0.1745548885486275,-15.161359678335028,0.0006355587716097943,0.0006355587742291391,0.000342492269774084,0.0003454951821186114,0.003373004827299155,0.02298800100106746
6301,25.0,PerfectCSI+ZF,PerfectCSI,ZF,100,1364,269200,0.005066864784546805,1096,67300,0.016285289747399703,0.19560290020159074,-14.172494204443847,0.0,0.0,0.0,0.0,0.0,0.004810999962501228
6301,25.0,PerfectCSI+MMSE,PerfectCSI,MMSE,100,1364,269200,0.005066864784546805,1096,67300,0.016285289747399703,0.19560291140489727,-14.172493706952851,0.0,0.0,0.0,0.0,0.0,0.004810999962501228
6301,25.0,ResidualCNN+ZF,ResidualCNN,ZF,100,2147,269200,0.007975482912332839,1768,67300,0.0262704309063893,0.290831256467553,-10.72717840867333,0.016756238797679544,0.016756238852394745,0.003443898413097486,0.003243977463571355,0.019650465707527473,2.5642829985008575
6301,25.0,ResidualCNN+MMSE,ResidualCNN,MMSE,100,2147,269200,0.007975482912332839,1768,67300,0.0262704309063893,0.2908312598908695,-10.727178306433462,0.016756238797679544,0.016756238852394745,0.003443898413097486,0.003243977463571355,0.019650465707527473,2.5642829985008575
6301,30.0,LS-linear+ZF,LS-linear,ZF,100,84220,269200,0.312852897473997,50533,67300,0.7508618127786033,2.87888675558937,9.184491634554103,0.7320146127045155,0.7320146168768406,0.000852696715737693,0.7510096788406372,2.8184906500577926,0.5287279991898686
6301,30.0,LS-linear+MMSE,LS-linear,MMSE,100,84220,269200,0.312852897473997,50533,67300,0.7508618127786033,2.87888677201781,9.184491684120351,0.7320146127045155,0.7320146168768406,0.000852696715737693,0.7510096788406372,2.8184906500577926,0.5287279991898686
6301,30.0,Frame-LS-linear+ZF,Frame-LS-linear,ZF,100,581,269200,0.0021582466567607725,473,67300,0.007028231797919763,0.11098854426844901,-19.094436895932915,0.10080509842839092,0.10080509915947915,0.000490089193044696,0.000540728715423029,0.004796557464287616,0.08576700056437403
6301,30.0,Frame-LS-linear+MMSE,Frame-LS-linear,MMSE,100,581,269200,0.0021582466567607725,473,67300,0.007028231797919763,0.11098854243662244,-19.094437039290444,0.10080509842839092,0.10080509915947915,0.000490089193044696,0.000540728715423029,0.004796557464287616,0.08576700056437403
6301,30.0,Frame-LS-cubic+ZF,Frame-LS-cubic,ZF,100,581,269200,0.0021582466567607725,473,67300,0.007028231797919763,0.11098854426844901,-19.094436895932915,0.058609405474271625,0.05860940587474033,0.000490089193044696,0.000540728715423029,0.004796557464287616,0.7583419990260154
6301,30.0,Frame-LS-cubic+MMSE,Frame-LS-cubic,MMSE,100,581,269200,0.0021582466567607725,473,67300,0.007028231797919763,0.11098854243662244,-19.094437039290444,0.058609405474271625,0.05860940587474033,0.000490089193044696,0.000540728715423029,0.004796557464287616,0.7583419990260154
6301,30.0,DFT-LS+ZF,DFT-LS,ZF,100,6102,269200,0.022667161961367012,4751,67300,0.07059435364041605,0.7947021259488407,-1.995912503557554,0.07251005758298561,0.072510058125481,0.022117977227899245,0.019543978795118166,0.15983568481344265,0.06215300119947642
6301,30.0,DFT-LS+MMSE,DFT-LS,MMSE,100,6102,269200,0.022667161961367012,4751,67300,0.07059435364041605,0.7947021044587909,-1.9959127384382693,0.07251005758298561,0.072510058125481,0.022117977227899245,0.019543978795118166,0.15983568481344265,0.06215300119947642
6301,30.0,LMMSE-oracle+ZF,LMMSE-oracle,ZF,100,400,269200,0.0014858841010401188,320,67300,0.00475482912332838,0.08079817255817452,-21.85196923423002,8.568734547225177e-05,8.568734590880923e-05,7.101743485691259e-05,7.046781101962551e-05,0.0006411305562869529,0.02878499944927171
6301,30.0,LMMSE-oracle+MMSE,LMMSE-oracle,MMSE,100,400,269200,0.0014858841010401188,320,67300,0.00475482912332838,0.08079817216979038,-21.851969275981734,8.568734547225177e-05,8.568734590880923e-05,7.101743485691259e-05,7.046781101962551e-05,0.0006411305562869529,0.02878499944927171
6301,30.0,LMMSE-train-prior+ZF,LMMSE-train-prior,ZF,100,400,269200,0.0014858841010401188,320,67300,0.00475482912332838,0.0841641060729898,-21.497461699229273,0.00020269868284231052,0.00020269868400646374,0.00010617249634378823,0.00010724126655986766,0.0009560334409616189,0.02227899996796623
6301,30.0,LMMSE-train-prior+MMSE,LMMSE-train-prior,MMSE,100,400,269200,0.0014858841010401188,320,67300,0.00475482912332838,0.08416410670316164,-21.497461634194387,0.00020269868284231052,0.00020269868400646374,0.00010617249634378823,0.00010724126655986766,0.0009560334409616189,0.02227899996796623
6301,30.0,PerfectCSI+ZF,PerfectCSI,ZF,100,404,269200,0.00150074294205052,316,67300,0.004695393759286776,0.0887526685126349,-21.036371604242827,0.0,0.0,0.0,0.0,0.0,0.004895999736618251
6301,30.0,PerfectCSI+MMSE,PerfectCSI,MMSE,100,404,269200,0.00150074294205052,316,67300,0.004695393759286776,0.08875266723777277,-21.03637172900879,0.0,0.0,0.0,0.0,0.0,0.004895999736618251
6301,30.0,ResidualCNN+ZF,ResidualCNN,ZF,100,1217,269200,0.004520802377414561,997,67300,0.014814264487369985,0.17559239881646826,-15.109885762164861,0.015718481863150374,0.015718481974909083,0.0031485421617981047,0.002955308134260122,0.016965652198414317,2.5401039997814223
6301,30.0,ResidualCNN+MMSE,ResidualCNN,MMSE,100,1217,269200,0.004520802377414561,997,67300,0.014814264487369985,0.17559240298477133,-15.10988555597473,0.015718481863150374,0.015718481974909083,0.0031485421617981047,0.002955308134260122,0.016965652198414317,2.5401039997814223
