snr_db,method,estimator,equalizer,num_seeds,frames_per_seed,total_bits,bit_errors,total_symbols,symbol_errors,ber_mean,ber_std,ber_ci95,ser_mean,ser_std,ser_ci95,evm_rms_mean,evm_rms_std,evm_rms_ci95,evm_db_mean,evm_db_std,evm_db_ci95,channel_mse_mean,channel_mse_std,channel_mse_ci95,channel_nmse_mean,channel_nmse_std,channel_nmse_ci95,pilot_nmse_mean,pilot_nmse_std,pilot_nmse_ci95,data_nmse_mean,data_nmse_std,data_nmse_ci95,deep_fade_nmse_mean,deep_fade_nmse_std,deep_fade_nmse_ci95,estimator_time_ms_mean,estimator_time_ms_std,estimator_time_ms_ci95,ber_pooled,ser_pooled,ber_plot
0.0,DFT-LS+MMSE,DFT-LS,MMSE,3,100,807600,254390,201900,153528,0.3149950470529965,0.0012889580675444232,0.003201949344451931,0.7604160475482913,0.0020043469514315097,0.0049790738494828206,2.6347214372558434,0.09622577719060126,0.23903808196165732,8.410874218225041,0.3146248835280345,0.7815715382270458,0.1633817676703135,0.007074294387373766,0.01757352147169887,0.16338176858921846,0.007074294332346304,0.01757352133500308,0.10026279037818313,0.004035158957886679,0.010023890540193462,0.09730358876287937,0.004074299070549087,0.010121119970100305,0.7869257018715143,0.06316045141010761,0.15689925923902262,0.0605933335221683,0.0043873078071760266,0.010898676776862614,0.3149950470529965,0.7604160475482913,0.3149950470529965
5.0,DFT-LS+MMSE,DFT-LS,MMSE,3,100,807600,171937,201900,118816,0.2128987122337791,0.0015829911326214795,0.0039323679699113856,0.5884893511639425,0.004099568327037607,0.01018389228309133,1.5427070538100136,0.04949241468424522,0.12294597376271935,3.762703953508428,0.2776335091557463,0.6896798701393699,0.10740535548577705,0.008150629827373792,0.02024728692869632,0.10740535620599985,0.008150629978317623,0.02024728730366158,0.0483763237670064,0.0033732814954709044,0.008379695775248823,0.04536512209102511,0.0030161152032328205,0.00749244551933416,0.37340665418654684,0.048262271615396264,0.11989012897454338,0.0650813333534946,0.0034423410974226674,0.008551249336815664,0.2128987122337791,0.5884893511639425,0.2128987122337791
10.0,DFT-LS+MMSE,DFT-LS,MMSE,3,100,807600,95804,201900,73185,0.11862803368003962,0.001265088375821952,0.0031426537430762854,0.36248142644873704,0.0037309895887702995,0.009268291939612157,1.06471107065345,0.26207727718766033,0.6510360476547116,0.37785083038774353,2.056624127863748,5.108937554921968,0.09149641537495579,0.006792209032734988,0.016872782604308217,0.09149641573506717,0.006792209182133681,0.016872782975435142,0.0329667568183504,0.0022273603649705675,0.005533069880281366,0.02997533999849111,0.0019663091503715497,0.004884582713397717,0.20008525891850393,0.006115684113843496,0.015192201540351028,0.06322733330307528,0.0007017247160774165,0.0017431808304752034,0.11862803368003963,0.362481426448737,0.11862803368003962
15.0,DFT-LS+MMSE,DFT-LS,MMSE,3,100,807600,47104,201900,37320,0.05832590391282813,0.0015915673078851322,0.003953672370306405,0.18484398216939077,0.0044475616349806905,0.01104835558278949,0.7029939108957429,0.18739627496435338,0.4655181536804845,-3.2607959544868383,2.2641892730958593,5.624557959837991,0.07641692602774129,0.004827185009225646,0.011991392323013291,0.07641692652987937,0.0048271850952412935,0.011991392536688007,0.02457756456569769,0.0023288193365091875,0.005785107937675855,0.021920369419191652,0.002115123284141206,0.005254257515136378,0.1531705683710364,0.01178672080113588,0.029279837639973702,0.06106066682453578,0.0018891417404805903,0.004692888240369489,0.05832590391282813,0.1848439821693908,0.05832590391282813
20.0,DFT-LS+MMSE,DFT-LS,MMSE,3,100,807600,29309,201900,23466,0.03629148093115404,0.0011146132394121004,0.002768852782039798,0.11622585438335808,0.004597244726420497,0.011420188995046486,0.662463408808776,0.31640883052349206,0.7860031082342256,-4.1875068131068405,3.8949584025582333,9.67561305349373,0.08685789299469131,0.0029444240224445356,0.007314354753538071,0.0868578938006734,0.0029444246080036172,0.007314356208147469,0.02717366309312638,0.0013115317456311147,0.003258025469479993,0.02405632266852384,0.0011506823863284361,0.0028584535101253304,0.15840060777186105,0.02378010582023873,0.05907305765746854,0.0600729997192199,0.0003075364875969477,0.0007639629865788154,0.03629148093115404,0.1162258543833581,0.03629148093115404
25.0,DFT-LS+MMSE,DFT-LS,MMSE,3,100,807600,22316,201900,17850,0.027632491332342746,0.003537676636018771,0.008788075943512276,0.08841010401188708,0.010743969583745542,0.026689500016880797,0.3926378284444835,0.034235218147624424,0.08504499647051311,-8.142206706194841,0.758320871386493,1.883773474218559,0.08263586333040923,0.007908205848270252,0.019645072379972643,0.08263586366413316,0.007908205857817562,0.019645072403689474,0.025556404486706014,0.0024162670929520026,0.00600234020726341,0.022589059628371617,0.002115310864847257,0.005254723491442277,0.14421524384485868,0.027916250793824187,0.06934781136761875,0.06218133329336221,0.003120385177425566,0.007751466494429593,0.027632491332342742,0.08841010401188708,0.027632491332342746
30.0,DFT-LS+MMSE,DFT-LS,MMSE,3,100,807600,18712,201900,14419,0.023169886082218916,0.0005845369346241283,0.0014520702432107345,0.07141654284299158,0.0011879950813475201,0.0029511433829492763,0.5215530070616662,0.23898897467576133,0.5936815246846033,-6.215527435428089,3.734484749877008,9.276974401125974,0.07371229823639926,0.0021192098425929637,0.005264409089097662,0.07371229861436102,0.0021192098679000044,0.005264409151963836,0.022774983290582893,0.0008742101441769613,0.002171658387144683,0.02016976819635602,0.0008139802282300576,0.002022038981565427,0.16072282252270575,0.012889657320751938,0.03201968384201861,0.06020566759010156,0.0054685370582290725,0.013584599134451049,0.02316988608221892,0.07141654284299158,0.023169886082218916
0.0,DFT-LS+ZF,DFT-LS,ZF,3,100,807600,254390,201900,153528,0.3149950470529965,0.0012889580675444232,0.003201949344451931,0.7604160475482913,0.0020043469514315097,0.0049790738494828206,2.634721401309261,0.09622583555206916,0.23903822693958066,8.410874094975865,0.3146250790288356,0.7815720238779584,0.1633817676703135,0.007074294387373766,0.01757352147169887,0.16338176858921846,0.007074294332346304,0.01757352133500308,0.10026279037818313,0.004035158957886679,0.010023890540193462,0.09730358876287937,0.004074299070549087,0.010121119970100305,0.7869257018715143,0.06316045141010761,0.15689925923902262,0.0605933335221683,0.0043873078071760266,0.010898676776862614,0.3149950470529965,0.7604160475482913,0.3149950470529965
5.0,DFT-LS+ZF,DFT-LS,ZF,3,100,807600,171937,201900,118816,0.2128987122337791,0.0015829911326214795,0.0039323679699113856,0.5884893511639425,0.004099568327037607,0.01018389228309133,1.5427070420159439,0.049492427101878504,0.12294600460983049,3.7627038855464856,0.2776335826642672,0.6896800527446588,0.10740535548577705,0.008150629827373792,0.02024728692869632,0.10740535620599985,0.008150629978317623,0.02024728730366158,0.0483763237670064,0.0033732814954709044,0.008379695775248823,0.04536512209102511,0.0030161152032328205,0.00749244551933416,0.37340665418654684,0.048262271615396264,0.11989012897454338,0.0650813333534946,0.0034423410974226674,0.008551249336815664,0.2128987122337791,0.5884893511639425,0.2128987122337791
10.0,DFT-LS+ZF,DFT-LS,ZF,3,100,807600,95804,201900,73185,0.11862803368003962,0.001265088375821952,0.0031426537430762854,0.36248142644873704,0.0037309895887702995,0.009268291939612157,1.064711068357645,0.26207730932543455,0.6510361274893685,0.3778507731674036,2.0566243541973126,5.108938117165713,0.09149641537495579,0.006792209032734988,0.016872782604308217,0.09149641573506717,0.006792209182133681,0.016872782975435142,0.0329667568183504,0.0022273603649705675,0.005533069880281366,0.02997533999849111,0.0019663091503715497,0.004884582713397717,0.20008525891850393,0.006115684113843496,0.015192201540351028,0.06322733330307528,0.0007017247160774165,0.0017431808304752034,0.11862803368003963,0.362481426448737,0.11862803368003962
15.0,DFT-LS+ZF,DFT-LS,ZF,3,100,807600,47104,201900,37320,0.05832590391282813,0.0015915673078851322,0.003953672370306405,0.18484398216939077,0.0044475616349806905,0.01104835558278949,0.7029938955107169,0.1873962687087018,0.46551813814058446,-3.260796141279874,2.2641892584070273,5.62455792334891,0.07641692602774129,0.004827185009225646,0.011991392323013291,0.07641692652987937,0.0048271850952412935,0.011991392536688007,0.02457756456569769,0.0023288193365091875,0.005785107937675855,0.021920369419191652,0.002115123284141206,0.005254257515136378,0.1531705683710364,0.01178672080113588,0.029279837639973702,0.06106066682453578,0.0018891417404805903,0.004692888240369489,0.05832590391282813,0.1848439821693908,0.05832590391282813
20.0,DFT-LS+ZF,DFT-LS,ZF,3,100,807600,29309,201900,23466,0.03629148093115404,0.0011146132394121004,0.002768852782039798,0.11622585438335808,0.004597244726420497,0.011420188995046486,0.6624634310297018,0.31640886123355,0.7860031845222386,-4.187506597922622,3.894958640587077,9.67561364479016,0.08685789299469131,0.0029444240224445356,0.007314354753538071,0.0868578938006734,0.0029444246080036172,0.007314356208147469,0.02717366309312638,0.0013115317456311147,0.003258025469479993,0.02405632266852384,0.0011506823863284361,0.0028584535101253304,0.15840060777186105,0.02378010582023873,0.05907305765746854,0.0600729997192199,0.0003075364875969477,0.0007639629865788154,0.03629148093115404,0.1162258543833581,0.03629148093115404
25.0,DFT-LS+ZF,DFT-LS,ZF,3,100,807600,22316,201900,17850,0.027632491332342746,0.003537676636018771,0.008788075943512276,0.08841010401188708,0.010743969583745542,0.026689500016880797,0.39263783337121505,0.0342352213742238,0.0850450044858303,-8.142206600232958,0.7583209184733882,1.8837735911888913,0.08263586333040923,0.007908205848270252,0.019645072379972643,0.08263586366413316,0.007908205857817562,0.019645072403689474,0.025556404486706014,0.0024162670929520026,0.00600234020726341,0.022589059628371617,0.002115310864847257,0.005254723491442277,0.14421524384485868,0.027916250793824187,0.06934781136761875,0.06218133329336221,0.003120385177425566,0.007751466494429593,0.027632491332342742,0.08841010401188708,0.027632491332342746
30.0,DFT-LS+ZF,DFT-LS,ZF,3,100,807600,18712,201900,14419,0.023169886082218916,0.0005845369346241283,0.0014520702432107345,0.07141654284299158,0.0011879950813475201,0.0029511433829492763,0.5215530175533061,0.23898898500086166,0.5936815503335744,-6.215527289894207,3.7344848530599224,9.276974657446544,0.07371229823639926,0.0021192098425929637,0.005264409089097662,0.07371229861436102,0.0021192098679000044,0.005264409151963836,0.022774983290582893,0.0008742101441769613,0.002171658387144683,0.02016976819635602,0.0008139802282300576,0.002022038981565427,0.16072282252270575,0.012889657320751938,0.03201968384201861,0.06020566759010156,0.0054685370582290725,0.013584599134451049,0.02316988608221892,0.07141654284299158,0.023169886082218916
0.0,Frame-LS-cubic+MMSE,Frame-LS-cubic,MMSE,3,100,807600,283680,201900,164038,0.35126300148588413,0.001165158412505231,0.002894413952667392,0.81247152055473,0.0019819896805157717,0.004923535309669217,2.7875934033482603,0.5215586888051391,1.2956236077519008,8.805593000938934,1.5963215825124415,3.965482643200122,1.0635961603124935,0.10800963139905903,0.2683107985906551,1.0635961666703224,0.10800962953486849,0.2683107939597491,0.4843611592054367,0.005790081297507863,0.014383359305239565,0.5341226410865784,0.00639944758731121,0.01589710908600944,4.637790123820305,0.16392885948796931,0.4072218618982855,0.7324069995471897,0.03682130263087238,0.09146918646112173,0.3512630014858841,0.81247152055473,0.35126300148588413
5.0,Frame-LS-cubic+MMSE,Frame-LS-cubic,MMSE,3,100,807600,197142,201900,131965,0.24410846953937593,0.0017158624235733275,0.004262438554573821,0.653615651312531,0.001969025377550776,0.004891330195767314,1.7317648610533183,0.08332566676847716,0.20699243117631538,4.763158686408252,0.41401653618534373,1.0284740908262575,0.36665404220422104,0.009536077884304963,0.02368893069459026,0.36665404443939525,0.009536078327869082,0.02368893179646462,0.1537055791914463,0.0011937291405055858,0.0029653875755452346,0.1694653821984927,0.0018499319217135661,0.004595485650899429,1.5808385440707207,0.04343129699340225,0.10788932273153926,0.7908169999912692,0.03659939203074586,0.09091792997071028,0.24410846953937593,0.653615651312531,0.24410846953937593
10.0,Frame-LS-cubic+MMSE,Frame-LS-cubic,MMSE,3,100,807600,108879,201900,82127,0.1348179791976226,0.0013678156360900768,0.003397842404333125,0.4067706785537395,0.003053567145245713,0.007585481300866673,1.4345189258654159,0.04051213097112275,0.10063771232873456,3.131820442110543,0.2449835556973593,0.6085728894664977,0.15945858431359133,0.013818706317306187,0.03432756949042282,0.15945858518282574,0.013818706374935031,0.03432756963358081,0.048407128465672335,0.0009116038112191338,0.002264549405624779,0.05329868075748285,0.0013410877589525982,0.0033314466767808857,0.452520973160863,0.018970721374526427,0.04712588438556916,0.7675689995327654,0.006705551047793378,0.01665751223589047,0.1348179791976226,0.4067706785537395,0.1348179791976226
15.0,Frame-LS-cubic+MMSE,Frame-LS-cubic,MMSE,3,100,807600,46771,201900,37144,0.0579135710747895,0.0007750343316281137,0.001925292011098609,0.18397226349678056,0.0024601293250659313,0.0061113000321791665,0.6011112872146317,0.07797915596518458,0.19371096206357571,-4.468127288840239,1.1003973807433087,2.7335386314157395,0.08950078608468175,0.00239650199994676,0.005953240994352835,0.08950078680490454,0.0023965020006818465,0.00595324099617889,0.015491807777434587,0.00019092743714557497,0.0004742900468211636,0.017053773220007618,0.00028390195295005917,0.0007052515477628099,0.1521227255060027,0.01634350166039633,0.04059950881664466,0.74875400091211,0.015782741109358202,0.03920650238454895,0.0579135710747895,0.18397226349678059,0.0579135710747895
20.0,Frame-LS-cubic+MMSE,Frame-LS-cubic,MMSE,3,100,807600,16997,201900,13806,0.021046310054482417,0.00036142304535161893,0.0008978246168536065,0.06838038632986626,0.0011676250851041397,0.002900541507092882,0.3408390642201526,0.03250271220906206,0.08074121313269896,-9.375669319038332,0.8359998876591422,2.0767388479531146,0.07245399449641506,0.0023026687167703045,0.0057201461969968535,0.07245399518404157,0.002302668901875619,0.005720146656823945,0.004852307448163629,0.00011089878748181063,0.0002754878601709512,0.00533350385647888,0.00012947387258063035,0.0003216309295639009,0.04657248155058672,0.002200135958131648,0.005465440704572772,0.7356546659138985,0.0038901347021031494,0.00966363031728307,0.021046310054482417,0.06838038632986627,0.021046310054482417
25.0,Frame-LS-cubic+MMSE,Frame-LS-cubic,MMSE,3,100,807600,5731,201900,4656,0.007096334819217435,0.0012277122068038062,0.0030498061920975553,0.023060921248142647,0.003783698175289046,0.00939922732711643,0.1858330285817892,0.02611372012046686,0.06487007694534509,-14.677792076965636,1.2690462141490997,3.152485558521764,0.06567959838081151,0.00302547008416829,0.007515684331854894,0.06567959867107372,0.0030254701855169097,0.0075156845836188224,0.0015376437307956317,2.6276699127827574e-05,6.527493924375348e-05,0.0017084868023327243,1.9436211545777252e-05,4.8282226074422444e-05,0.015356422748882324,0.0016056438229523555,0.003988640372234916,0.7612379991527026,0.03718686956503123,0.09237730506843467,0.0070963348192174345,0.023060921248142643,0.007096334819217435
30.0,Frame-LS-cubic+MMSE,Frame-LS-cubic,MMSE,3,100,807600,2048,201900,1655,0.002535908865775136,0.0003314706820082801,0.0008234188215163703,0.00819712729073799,0.001012402237257626,0.0025149465770320737,0.13742458213110806,0.057877103204888196,0.14377469471812865,-17.710512164326826,3.4195093942446704,8.494532241927713,0.05526715330197476,0.004969064952758457,0.012343841641284155,0.055267153610087306,0.004969065106275759,0.012343842022642276,0.000490274175729913,5.226913121453723e-06,1.2984372001045825e-05,0.0005418932363196897,2.3301271304545233e-06,5.7883566779346625e-06,0.005038013950106688,0.00021454190133469704,0.0005329516278561394,0.7346996664030788,0.06200554976176983,0.15403032450102414,0.0025359088657751364,0.00819712729073799,0.002535908865775136
0.0,Frame-LS-cubic+ZF,Frame-LS-cubic,ZF,3,100,807600,283680,201900,164038,0.35126300148588413,0.001165158412505231,0.002894413952667392,0.81247152055473,0.0019819896805157717,0.004923535309669217,2.78759338055427,0.5215586353243609,1.2956234748982827,8.80559294543405,1.5963214708720985,3.965482365870136,1.0635961603124935,0.10800963139905903,0.2683107985906551,1.0635961666703224,0.10800962953486849,0.2683107939597491,0.4843611592054367,0.005790081297507863,0.014383359305239565,0.5341226410865784,0.00639944758731121,0.01589710908600944,4.637790123820305,0.16392885948796931,0.4072218618982855,0.7324069995471897,0.03682130263087238,0.09146918646112173,0.3512630014858841,0.81247152055473,0.35126300148588413
5.0,Frame-LS-cubic+ZF,Frame-LS-cubic,ZF,3,100,807600,197142,201900,131965,0.24410846953937593,0.0017158624235733275,0.004262438554573821,0.653615651312531,0.001969025377550776,0.004891330195767314,1.731764870705988,0.08332568686330481,0.20699248109463456,4.763158731812033,0.4140166285914361,1.0284743203757163,0.36665404220422104,0.009536077884304963,0.02368893069459026,0.36665404443939525,0.009536078327869082,0.02368893179646462,0.1537055791914463,0.0011937291405055858,0.0029653875755452346,0.1694653821984927,0.0018499319217135661,0.004595485650899429,1.5808385440707207,0.04343129699340225,0.10788932273153926,0.7908169999912692,0.03659939203074586,0.09091792997071028,0.24410846953937593,0.653615651312531,0.24410846953937593
10.0,Frame-LS-cubic+ZF,Frame-LS-cubic,ZF,3,100,807600,108879,201900,82127,0.1348179791976226,0.0013678156360900768,0.003397842404333125,0.4067706785537395,0.003053567145245713,0.007585481300866673,1.4345189665736076,0.040512137324386986,0.10063772811111783,3.1318206881242694,0.2449835774871079,0.6085729435952338,0.15945858431359133,0.013818706317306187,0.03432756949042282,0.15945858518282574,0.013818706374935031,0.03432756963358081,0.048407128465672335,0.0009116038112191338,0.002264549405624779,0.05329868075748285,0.0013410877589525982,0.0033314466767808857,0.452520973160863,0.018970721374526427,0.04712588438556916,0.7675689995327654,0.006705551047793378,0.01665751223589047,0.1348179791976226,0.4067706785537395,0.1348179791976226
15.0,Frame-LS-cubic+ZF,Frame-LS-cubic,ZF,3,100,807600,46771,201900,37144,0.0579135710747895,0.0007750343316281137,0.001925292011098609,0.18397226349678056,0.0024601293250659313,0.0061113000321791665,0.6011112921817202,0.077979160563922,0.19371097348747277,-4.468127222068,1.1003974402973606,2.733538779356206,0.08950078608468175,0.00239650199994676,0.005953240994352835,0.08950078680490454,0.0023965020006818465,0.00595324099617889,0.015491807777434587,0.00019092743714557497,0.0004742900468211636,0.017053773220007618,0.00028390195295005917,0.0007052515477628099,0.1521227255060027,0.01634350166039633,0.04059950881664466,0.74875400091211,0.015782741109358202,0.03920650238454895,0.0579135710747895,0.18397226349678059,0.0579135710747895
20.0,Frame-LS-cubic+ZF,Frame-LS-cubic,ZF,3,100,807600,16997,201900,13806,0.021046310054482417,0.00036142304535161893,0.0008978246168536065,0.06838038632986626,0.0011676250851041397,0.002900541507092882,0.34083906051588303,0.032502706270597925,0.08074119838073625,-9.375669404619613,0.8359997520416895,2.076738511060686,0.07245399449641506,0.0023026687167703045,0.0057201461969968535,0.07245399518404157,0.002302668901875619,0.005720146656823945,0.004852307448163629,0.00011089878748181063,0.0002754878601709512,0.00533350385647888,0.00012947387258063035,0.0003216309295639009,0.04657248155058672,0.002200135958131648,0.005465440704572772,0.7356546659138985,0.0038901347021031494,0.00966363031728307,0.021046310054482417,0.06838038632986627,0.021046310054482417
25.0,Frame-LS-cubic+ZF,Frame-LS-cubic,ZF,3,100,807600,5731,201900,4656,0.007096334819217435,0.0012277122068038062,0.0030498061920975553,0.023060921248142647,0.003783698175289046,0.00939922732711643,0.18583302673390542,0.026113723057561978,0.06487008424149385,-14.677792178503404,1.2690463759655535,3.152485960496119,0.06567959838081151,0.00302547008416829,0.007515684331854894,0.06567959867107372,0.0030254701855169097,0.0075156845836188224,0.0015376437307956317,2.6276699127827574e-05,6.527493924375348e-05,0.0017084868023327243,1.9436211545777252e-05,4.8282226074422444e-05,0.015356422748882324,0.0016056438229523555,0.003988640372234916,0.7612379991527026,0.03718686956503123,0.09237730506843467,0.0070963348192174345,0.023060921248142643,0.007096334819217435
30.0,Frame-LS-cubic+ZF,Frame-LS-cubic,ZF,3,100,807600,2048,201900,1655,0.002535908865775136,0.0003314706820082801,0.0008234188215163703,0.00819712729073799,0.001012402237257626,0.0025149465770320737,0.13742457671141614,0.05787709204596783,0.14377466699783376,-17.710512367359385,3.4195089033890844,8.49453102257484,0.05526715330197476,0.004969064952758457,0.012343841641284155,0.055267153610087306,0.004969065106275759,0.012343842022642276,0.000490274175729913,5.226913121453723e-06,1.2984372001045825e-05,0.0005418932363196897,2.3301271304545233e-06,5.7883566779346625e-06,0.005038013950106688,0.00021454190133469704,0.0005329516278561394,0.7346996664030788,0.06200554976176983,0.15403032450102414,0.0025359088657751364,0.00819712729073799,0.002535908865775136
0.0,Frame-LS-linear+MMSE,Frame-LS-linear,MMSE,3,100,807600,283680,201900,164038,0.35126300148588413,0.001165158412505231,0.002894413952667392,0.81247152055473,0.0019819896805157717,0.004923535309669217,2.7875934033482603,0.5215586888051391,1.2956236077519008,8.805593000938934,1.5963215825124415,3.965482643200122,0.6045576305190722,0.010040520212768791,0.0249420349061304,0.6045576340953508,0.010040518934665284,0.024942031731145283,0.4843611592054367,0.005790081297507863,0.014383359305239565,0.5341226410865784,0.00639944758731121,0.01589710908600944,4.637790123820305,0.16392885948796931,0.4072218618982855,0.08151033349956076,0.004956734595577413,0.012313211336011372,0.3512630014858841,0.81247152055473,0.35126300148588413
5.0,Frame-LS-linear+MMSE,Frame-LS-linear,MMSE,3,100,807600,197142,201900,131965,0.24410846953937593,0.0017158624235733275,0.004262438554573821,0.653615651312531,0.001969025377550776,0.004891330195767314,1.7317648610533183,0.08332566676847716,0.20699243117631538,4.763158686408252,0.41401653618534373,1.0284740908262575,0.2707652685542901,0.008525072416185695,0.02117745388444939,0.2707652703921,0.008525072782829083,0.021177454795242055,0.1537055791914463,0.0011937291405055858,0.0029653875755452346,0.1694653821984927,0.0018499319217135661,0.004595485650899429,1.5808385440707207,0.04343129699340225,0.10788932273153926,0.08908200000102322,0.003703672631817049,0.009200432856674327,0.24410846953937593,0.653615651312531,0.24410846953937593
10.0,Frame-LS-linear+MMSE,Frame-LS-linear,MMSE,3,100,807600,108879,201900,82127,0.1348179791976226,0.0013678156360900768,0.003397842404333125,0.4067706785537395,0.003053567145245713,0.007585481300866673,1.4345189258654159,0.04051213097112275,0.10063771232873456,3.131820442110543,0.2449835556973593,0.6085728894664977,0.16435334080209335,0.007211146876955885,0.01791348190201673,0.16435334155956904,0.007211147193784308,0.017913482689062166,0.048407128465672335,0.0009116038112191338,0.002264549405624779,0.05329868075748285,0.0013410877589525982,0.0033314466767808857,0.452520973160863,0.018970721374526427,0.04712588438556916,0.08612700185040012,0.001709086055119485,0.004245605122148916,0.1348179791976226,0.4067706785537395,0.1348179791976226
15.0,Frame-LS-linear+MMSE,Frame-LS-linear,MMSE,3,100,807600,46771,201900,37144,0.0579135710747895,0.0007750343316281137,0.001925292011098609,0.18397226349678056,0.0024601293250659313,0.0061113000321791665,0.6011112872146317,0.07797915596518458,0.19371096206357571,-4.468127288840239,1.1003973807433087,2.7335386314157395,0.11807045980667075,0.006702417285231614,0.01664972753813112,0.11807046050826708,0.006702417439842999,0.016649727922207095,0.015491807777434587,0.00019092743714557497,0.0004742900468211636,0.017053773220007618,0.00028390195295005917,0.0007052515477628099,0.1521227255060027,0.01634350166039633,0.04059950881664466,0.08496900069682549,0.0016403760704137055,0.004074920057967501,0.0579135710747895,0.18397226349678059,0.0579135710747895
20.0,Frame-LS-linear+MMSE,Frame-LS-linear,MMSE,3,100,807600,16997,201900,13806,0.021046310054482417,0.00036142304535161893,0.0008978246168536065,0.06838038632986626,0.0011676250851041397,0.002900541507092882,0.3408390642201526,0.03250271220906206,0.08074121313269896,-9.375669319038332,0.8359998876591422,2.0767388479531146,0.12412202950722229,0.004295864265992814,0.010671518427713399,0.12412203065119683,0.004295865102224195,0.010671520505027308,0.004852307448163629,0.00011089878748181063,0.0002754878601709512,0.00533350385647888,0.00012947387258063035,0.0003216309295639009,0.04657248155058672,0.002200135958131648,0.005465440704572772,0.08306566587028404,0.0009431984998471038,0.0023430349631365283,0.021046310054482417,0.06838038632986627,0.021046310054482417
25.0,Frame-LS-linear+MMSE,Frame-LS-linear,MMSE,3,100,807600,5731,201900,4656,0.007096334819217435,0.0012277122068038062,0.0030498061920975553,0.023060921248142647,0.003783698175289046,0.00939922732711643,0.1858330285817892,0.02611372012046686,0.06487007694534509,-14.677792076965636,1.2690462141490997,3.152485558521764,0.11583994081476705,0.011067733267763166,0.02749377359404419,0.11583994134406868,0.011067733362245102,0.027493773828750335,0.0015376437307956317,2.6276699127827574e-05,6.527493924375348e-05,0.0017084868023327243,1.9436211545777252e-05,4.8282226074422444e-05,0.015356422748882324,0.0016056438229523555,0.003988640372234916,0.08578566717915237,0.004198202791882984,0.010428913876892045,0.0070963348192174345,0.023060921248142643,0.007096334819217435
30.0,Frame-LS-linear+MMSE,Frame-LS-linear,MMSE,3,100,807600,2048,201900,1655,0.002535908865775136,0.0003314706820082801,0.0008234188215163703,0.00819712729073799,0.001012402237257626,0.0025149465770320737,0.13742458213110806,0.057877103204888196,0.14377469471812865,-17.710512164326826,3.4195093942446704,8.494532241927713,0.10282404956252626,0.0029963506357646532,0.007443347611930053,0.10282405003905297,0.002996350609224379,0.0074433475460003555,0.000490274175729913,5.226913121453723e-06,1.2984372001045825e-05,0.0005418932363196897,2.3301271304545233e-06,5.7883566779346625e-06,0.005038013950106688,0.00021454190133469704,0.0005329516278561394,0.08193233380249391,0.0079353220755359,0.01971243282272363,0.0025359088657751364,0.00819712729073799,0.002535908865775136
0.0,Frame-LS-linear+ZF,Frame-LS-linear,ZF,3,100,807600,283680,201900,164038,0.35126300148588413,0.001165158412505231,0.002894413952667392,0.81247152055473,0.0019819896805157717,0.004923535309669217,2.78759338055427,0.5215586353243609,1.2956234748982827,8.80559294543405,1.5963214708720985,3.965482365870136,0.6045576305190722,0.010040520212768791,0.0249420349061304,0.6045576340953508,0.010040518934665284,0.024942031731145283,0.4843611592054367,0.005790081297507863,0.014383359305239565,0.5341226410865784,0.00639944758731121,0.01589710908600944,4.637790123820305,0.16392885948796931,0.4072218618982855,0.08151033349956076,0.004956734595577413,0.012313211336011372,0.3512630014858841,0.81247152055473,0.35126300148588413
5.0,Frame-LS-linear+ZF,Frame-LS-linear,ZF,3,100,807600,197142,201900,131965,0.24410846953937593,0.0017158624235733275,0.004262438554573821,0.653615651312531,0.001969025377550776,0.004891330195767314,1.731764870705988,0.08332568686330481,0.20699248109463456,4.763158731812033,0.4140166285914361,1.0284743203757163,0.2707652685542901,0.008525072416185695,0.02117745388444939,0.2707652703921,0.008525072782829083,0.021177454795242055,0.1537055791914463,0.0011937291405055858,0.0029653875755452346,0.1694653821984927,0.0018499319217135661,0.004595485650899429,1.5808385440707207,0.04343129699340225,0.10788932273153926,0.08908200000102322,0.003703672631817049,0.009200432856674327,0.24410846953937593,0.653615651312531,0.24410846953937593
10.0,Frame-LS-linear+ZF,Frame-LS-linear,ZF,3,100,807600,108879,201900,82127,0.1348179791976226,0.0013678156360900768,0.003397842404333125,0.4067706785537395,0.003053567145245713,0.007585481300866673,1.4345189665736076,0.040512137324386986,0.10063772811111783,3.1318206881242694,0.2449835774871079,0.6085729435952338,0.16435334080209335,0.007211146876955885,0.01791348190201673,0.16435334155956904,0.007211147193784308,0.017913482689062166,0.048407128465672335,0.0009116038112191338,0.002264549405624779,0.05329868075748285,0.0013410877589525982,0.0033314466767808857,0.452520973160863,0.018970721374526427,0.04712588438556916,0.08612700185040012,0.001709086055119485,0.004245605122148916,0.1348179791976226,0.4067706785537395,0.1348179791976226
15.0,Frame-LS-linear+ZF,Frame-LS-linear,ZF,3,100,807600,46771,201900,37144,0.0579135710747895,0.0007750343316281137,0.001925292011098609,0.18397226349678056,0.0024601293250659313,0.0061113000321791665,0.6011112921817202,0.077979160563922,0.19371097348747277,-4.468127222068,1.1003974402973606,2.733538779356206,0.11807045980667075,0.006702417285231614,0.01664972753813112,0.11807046050826708,0.006702417439842999,0.016649727922207095,0.015491807777434587,0.00019092743714557497,0.0004742900468211636,0.017053773220007618,0.00028390195295005917,0.0007052515477628099,0.1521227255060027,0.01634350166039633,0.04059950881664466,0.08496900069682549,0.0016403760704137055,0.004074920057967501,0.0579135710747895,0.18397226349678059,0.0579135710747895
20.0,Frame-LS-linear+ZF,Frame-LS-linear,ZF,3,100,807600,16997,201900,13806,0.021046310054482417,0.00036142304535161893,0.0008978246168536065,0.06838038632986626,0.0011676250851041397,0.002900541507092882,0.34083906051588303,0.032502706270597925,0.08074119838073625,-9.375669404619613,0.8359997520416895,2.076738511060686,0.12412202950722229,0.004295864265992814,0.010671518427713399,0.12412203065119683,0.004295865102224195,0.010671520505027308,0.004852307448163629,0.00011089878748181063,0.0002754878601709512,0.00533350385647888,0.00012947387258063035,0.0003216309295639009,0.04657248155058672,0.002200135958131648,0.005465440704572772,0.08306566587028404,0.0009431984998471038,0.0023430349631365283,0.021046310054482417,0.06838038632986627,0.021046310054482417
25.0,Frame-LS-linear+ZF,Frame-LS-linear,ZF,3,100,807600,5731,201900,4656,0.007096334819217435,0.0012277122068038062,0.0030498061920975553,0.023060921248142647,0.003783698175289046,0.00939922732711643,0.18583302673390542,0.026113723057561978,0.06487008424149385,-14.677792178503404,1.2690463759655535,3.152485960496119,0.11583994081476705,0.011067733267763166,0.02749377359404419,0.11583994134406868,0.011067733362245102,0.027493773828750335,0.0015376437307956317,2.6276699127827574e-05,6.527493924375348e-05,0.0017084868023327243,1.9436211545777252e-05,4.8282226074422444e-05,0.015356422748882324,0.0016056438229523555,0.003988640372234916,0.08578566717915237,0.004198202791882984,0.010428913876892045,0.0070963348192174345,0.023060921248142643,0.007096334819217435
30.0,Frame-LS-linear+ZF,Frame-LS-linear,ZF,3,100,807600,2048,201900,1655,0.002535908865775136,0.0003314706820082801,0.0008234188215163703,0.00819712729073799,0.001012402237257626,0.0025149465770320737,0.13742457671141614,0.05787709204596783,0.14377466699783376,-17.710512367359385,3.4195089033890844,8.49453102257484,0.10282404956252626,0.0029963506357646532,0.007443347611930053,0.10282405003905297,0.002996350609224379,0.0074433475460003555,0.000490274175729913,5.226913121453723e-06,1.2984372001045825e-05,0.0005418932363196897,2.3301271304545233e-06,5.7883566779346625e-06,0.005038013950106688,0.00021454190133469704,0.0005329516278561394,0.08193233380249391,0.0079353220755359,0.01971243282272363,0.0025359088657751364,0.00819712729073799,0.002535908865775136
0.0,LMMSE-oracle+MMSE,LMMSE-oracle,MMSE,3,100,807600,252344,201900,152308,0.31246161466072314,0.0012479675842467545,0.0031001233390693197,0.7543734522040615,0.0015081784622317752,0.0037465229940795734,3.4343338753101214,0.8184576359891573,2.03316147903069,10.563414461793693,1.9622982325410496,4.87461904115624,0.08219378770018618,0.006510274047296306,0.016172417274718204,0.08219378812238574,0.006510274247579767,0.016172417772249904,0.0675350961337487,0.004944971652350752,0.012283990565140847,0.06696480655421815,0.00481691907008233,0.011965890316440847,0.5335112176463008,0.04720442599574386,0.11726229477755494,0.028045999351888895,0.001644396798480345,0.004084908100186533,0.31246161466072314,0.7543734522040614,0.31246161466072314
5.0,LMMSE-oracle+MMSE,LMMSE-oracle,MMSE,3,100,807600,166091,201900,115578,0.20565998018821197,0.0016080934489114804,0.003994725580459661,0.5724517087667161,0.0037070947196954362,0.009208933794225951,1.6158412978821435,0.1881533681660664,0.46739887745416964,4.126756402388454,1.0486914103425597,2.605093880420593,0.026298649827949702,0.0006372481661918314,0.0015830122013808703,0.026298650020423035,0.0006372482039756266,0.0015830122952410208,0.02141176265043517,0.0004711570840427062,0.0011704190806288062,0.02121726725095262,0.000478400965603931,0.0011884138799944976,0.20024379862161976,0.03025116917012008,0.07514807016003422,0.03056800051126629,0.0022146274978453576,0.0055014396848769255,0.205659980188212,0.5724517087667162,0.20565998018821197
10.0,LMMSE-oracle+MMSE,LMMSE-oracle,MMSE,3,100,807600,85330,201900,65613,0.10565874195146112,0.00040737236369054174,0.0010119690513685456,0.3249777117384844,0.001065597512288073,0.002647090965822138,0.9104713806307148,0.08378692214409013,0.2081382530496231,-0.8385499833211664,0.7834094327151221,1.9460969155485677,0.008490126794204115,0.0005045385165115594,0.0012533431558969315,0.008490126843098552,0.0005045385434994406,0.0012533432229385447,0.006955508584311852,0.0003100492766274618,0.000770205100571188,0.0068933137063868334,0.00029892553446189343,0.0007425721931619124,0.05754604479841267,0.005221477723242896,0.012970869723371931,0.029136999995292474,0.00044339204666258994,0.0011014469042047016,0.10565874195146112,0.3249777117384844,0.10565874195146112
15.0,LMMSE-oracle+MMSE,LMMSE-oracle,MMSE,3,100,807600,34002,201900,27144,0.04210252600297177,0.0009716080132975689,0.002413608106871307,0.13444279346210997,0.0024247242984954606,0.006023349070489938,0.5087272721579927,0.043256464035727055,0.10745501358812144,-5.891770709445542,0.7526800322484447,1.869760852989816,0.0028793913935078307,6.60521507458714e-05,0.00016408263861003683,0.0028793914142685637,6.605216030107352e-05,0.00016408266234647478,0.0022626153864742566,0.00010794234853488993,0.00026814365869041806,0.0022356850097033504,0.00011264120584408378,0.0002798162673343202,0.019738488009897994,0.0026846932024722045,0.006669147628740968,0.027907001009831827,0.0009272500996643175,0.0023034169408003833,0.04210252600297177,0.13444279346210997,0.04210252600297177
20.0,LMMSE-oracle+MMSE,LMMSE-oracle,MMSE,3,100,807600,11896,201900,9674,0.014730064388311046,0.0004572313904813146,0.0011358257400906745,0.04791480931154037,0.0012842658259331428,0.003190293170112705,0.3115224402407064,0.0877479699417383,0.2179780412618065,-10.34285286346126,2.304147204460105,5.723818964023445,0.000883636128322299,2.0344512203232543e-05,5.053856999121476e-05,0.0008836361357922821,2.0344514422339236e-05,5.053857550378138e-05,0.0007058485509090438,9.720492794845219e-06,2.4147042728472373e-05,0.0006983664467891988,1.0545315892837031e-05,2.6196016891716573e-05,0.006105150708269017,0.0001787620727908139,0.0004440696064503184,0.027560667076613754,0.00043698127756149145,0.0010855216709193393,0.014730064388311046,0.047914809311540366,0.014730064388311046
25.0,LMMSE-oracle+MMSE,LMMSE-oracle,MMSE,3,100,807600,4109,201900,3354,0.00508791480931154,0.0008291074619332883,0.0020596171132820826,0.016612184249628528,0.002403873934402491,0.005971553894742868,0.16594895283943975,0.03177539245606547,0.07893445070577917,-15.706584601797417,1.6622081222307206,4.129153881211035,0.00027442201894397537,1.2444235928042425e-05,3.091319576276856e-05,0.00027442202132078815,1.2444235860857236e-05,3.0913195595871294e-05,0.0002217565489142241,6.717175015114956e-06,1.6686387771474157e-05,0.00021982587711439312,7.084841435229077e-06,1.7599721791023884e-05,0.0020171752905783556,0.0003133580673655871,0.0007784245924240553,0.02860900101950392,0.0011557711526263162,0.002871094706392179,0.00508791480931154,0.016612184249628528,0.00508791480931154
30.0,LMMSE-oracle+MMSE,LMMSE-oracle,MMSE,3,100,807600,1454,201900,1146,0.0018003962357602775,0.0002942916532954508,0.0007310609942045827,0.0056760772659732546,0.0008244983298071374,0.0020481673943490712,0.11357127119705317,0.049690438035240786,0.12343789103673462,-19.400188358354857,3.530988215617656,8.771460986161825,8.506874989204032e-05,1.1000151675079463e-06,2.732589161103846e-06,8.506875047411693e-05,1.1000150108113543e-06,2.7325887718479324e-06,6.922274549045445e-05,1.562671227416738e-06,3.881890527093095e-06,6.859634605158742e-05,1.6245952443778826e-06,4.035718312889341e-06,0.000630743768136502,2.2137578519632026e-05,5.4992793647451955e-05,0.027536334528122097,0.002570524406353495,0.0063855366167973465,0.0018003962357602773,0.005676077265973254,0.0018003962357602775
0.0,LMMSE-oracle+ZF,LMMSE-oracle,ZF,3,100,807600,252344,201900,152308,0.31246161466072314,0.0012479675842467545,0.0031001233390693197,0.7543734522040615,0.0015081784622317752,0.0037465229940795734,3.4343337478356895,0.8184574384462,2.03316098830678,10.563414200908653,1.9622978439008516,4.874618075720468,0.08219378770018618,0.006510274047296306,0.016172417274718204,0.08219378812238574,0.006510274247579767,0.016172417772249904,0.0675350961337487,0.004944971652350752,0.012283990565140847,0.06696480655421815,0.00481691907008233,0.011965890316440847,0.5335112176463008,0.04720442599574386,0.11726229477755494,0.028045999351888895,0.001644396798480345,0.004084908100186533,0.31246161466072314,0.7543734522040614,0.31246161466072314
5.0,LMMSE-oracle+ZF,LMMSE-oracle,ZF,3,100,807600,166091,201900,115578,0.20565998018821197,0.0016080934489114804,0.003994725580459661,0.5724517087667161,0.0037070947196954362,0.009208933794225951,1.6158412799072306,0.1881533680912192,0.4673988772682388,4.126756304730922,1.0486914243930054,2.6050939153238346,0.026298649827949702,0.0006372481661918314,0.0015830122013808703,0.026298650020423035,0.0006372482039756266,0.0015830122952410208,0.02141176265043517,0.0004711570840427062,0.0011704190806288062,0.02121726725095262,0.000478400965603931,0.0011884138799944976,0.20024379862161976,0.03025116917012008,0.07514807016003422,0.03056800051126629,0.0022146274978453576,0.0055014396848769255,0.205659980188212,0.5724517087667162,0.20565998018821197
10.0,LMMSE-oracle+ZF,LMMSE-oracle,ZF,3,100,807600,85330,201900,65613,0.10565874195146112,0.00040737236369054174,0.0010119690513685456,0.3249777117384844,0.001065597512288073,0.002647090965822138,0.9104713710787893,0.08378694422475397,0.20813830790103288,-0.8385500874661673,0.7834096457393299,1.9460974447300357,0.008490126794204115,0.0005045385165115594,0.0012533431558969315,0.008490126843098552,0.0005045385434994406,0.0012533432229385447,0.006955508584311852,0.0003100492766274618,0.000770205100571188,0.0068933137063868334,0.00029892553446189343,0.0007425721931619124,0.05754604479841267,0.005221477723242896,0.012970869723371931,0.029136999995292474,0.00044339204666258994,0.0011014469042047016,0.10565874195146112,0.3249777117384844,0.10565874195146112
15.0,LMMSE-oracle+ZF,LMMSE-oracle,ZF,3,100,807600,34002,201900,27144,0.04210252600297177,0.0009716080132975689,0.002413608106871307,0.13444279346210997,0.0024247242984954606,0.006023349070489938,0.508727272858,0.04325646663645394,0.10745502004868518,-5.891770698713343,0.7526800425886785,1.8697608786763809,0.0028793913935078307,6.60521507458714e-05,0.00016408263861003683,0.0028793914142685637,6.605216030107352e-05,0.00016408266234647478,0.0022626153864742566,0.00010794234853488993,0.00026814365869041806,0.0022356850097033504,0.00011264120584408378,0.0002798162673343202,0.019738488009897994,0.0026846932024722045,0.006669147628740968,0.027907001009831827,0.0009272500996643175,0.0023034169408003833,0.04210252600297177,0.13444279346210997,0.04210252600297177
20.0,LMMSE-oracle+ZF,LMMSE-oracle,ZF,3,100,807600,11896,201900,9674,0.014730064388311046,0.0004572313904813146,0.0011358257400906745,0.04791480931154037,0.0012842658259331428,0.003190293170112705,0.31152243298159615,0.0877479617703394,0.21797802096292637,-10.342853036839855,2.304147049672343,5.723818579509328,0.000883636128322299,2.0344512203232543e-05,5.053856999121476e-05,0.0008836361357922821,2.0344514422339236e-05,5.053857550378138e-05,0.0007058485509090438,9.720492794845219e-06,2.4147042728472373e-05,0.0006983664467891988,1.0545315892837031e-05,2.6196016891716573e-05,0.006105150708269017,0.0001787620727908139,0.0004440696064503184,0.027560667076613754,0.00043698127756149145,0.0010855216709193393,0.014730064388311046,0.047914809311540366,0.014730064388311046
25.0,LMMSE-oracle+ZF,LMMSE-oracle,ZF,3,100,807600,4109,201900,3354,0.00508791480931154,0.0008291074619332883,0.0020596171132820826,0.016612184249628528,0.002403873934402491,0.005971553894742868,0.16594895498403733,0.03177539104541845,0.07893444720153771,-15.706584480287503,1.6622080612670265,4.129153729768824,0.00027442201894397537,1.2444235928042425e-05,3.091319576276856e-05,0.00027442202132078815,1.2444235860857236e-05,3.0913195595871294e-05,0.0002217565489142241,6.717175015114956e-06,1.6686387771474157e-05,0.00021982587711439312,7.084841435229077e-06,1.7599721791023884e-05,0.0020171752905783556,0.0003133580673655871,0.0007784245924240553,0.02860900101950392,0.0011557711526263162,0.002871094706392179,0.00508791480931154,0.016612184249628528,0.00508791480931154
30.0,LMMSE-oracle+ZF,LMMSE-oracle,ZF,3,100,807600,1454,201900,1146,0.0018003962357602775,0.0002942916532954508,0.0007310609942045827,0.0056760772659732546,0.0008244983298071374,0.0020481673943490712,0.11357126875267576,0.049690434858873714,0.12343788314620138,-19.40018850171246,3.530988062889003,8.771460606762819,8.506874989204032e-05,1.1000151675079463e-06,2.732589161103846e-06,8.506875047411693e-05,1.1000150108113543e-06,2.7325887718479324e-06,6.922274549045445e-05,1.562671227416738e-06,3.881890527093095e-06,6.859634605158742e-05,1.6245952443778826e-06,4.035718312889341e-06,0.000630743768136502,2.2137578519632026e-05,5.4992793647451955e-05,0.027536334528122097,0.002570524406353495,0.0063855366167973465,0.0018003962357602773,0.005676077265973254,0.0018003962357602775
0.0,LMMSE-train-prior+MMSE,LMMSE-train-prior,MMSE,3,100,807600,256093,201900,153438,0.3171037642397227,0.0009484254973805772,0.0023560195448286557,0.7599702823179793,0.0011481760176494068,0.0028522273451702038,3.1945081301423826,0.3617769804206838,0.8987038403061813,10.050724815768687,0.9880729347772379,2.454509239239961,0.12508950891594092,0.00654650228644587,0.016262413209819946,0.12508950954924028,0.006546502519389054,0.016262413788482897,0.09222714622815449,0.005789432536667235,0.014381747693969453,0.09122093467662733,0.005555708704025344,0.01380114550716891,0.6412713226800164,0.05894838430849398,0.14643590450748128,0.022137000244886924,0.0017372014162267506,0.004315447550954953,0.31710376423972264,0.7599702823179793,0.3171037642397227
5.0,LMMSE-train-prior+MMSE,LMMSE-train-prior,MMSE,3,100,807600,168429,201900,116883,0.20855497771173848,0.0015831073561886145,0.0039326566852575,0.5789153046062406,0.003840399616898142,0.009540081516528194,8.2924747239411,11.4682407341631,28.488689295165848,11.838212949214714,12.86382458908414,31.955511779085107,0.045624592195575436,0.001357672774368353,0.0033726461390251226,0.04562459254947801,0.0013576728710396756,0.003372646379170001,0.029057742112005753,0.0005433339855927673,0.0013497164436866039,0.028771344429502885,0.000587811669944888,0.0014602051367170344,0.24637572156265378,0.02378913736985101,0.059095493270455955,0.023532666576405365,0.0015961282350291863,0.003965002341425496,0.20855497771173848,0.5789153046062407,0.20855497771173848
10.0,LMMSE-train-prior+MMSE,LMMSE-train-prior,MMSE,3,100,807600,87265,201900,66923,0.10805473006438832,0.0004568086803227086,0.0011347756698445414,0.33146607231302627,0.0006698574717015268,0.0016640182069514926,0.8594757221861421,0.09265088130877061,0.23015754828602084,-1.35041957893105,0.9661097990614232,2.399949785540015,0.017398907582586012,0.0007460741349170131,0.001853350894308856,0.017398907697449128,0.0007460741390492893,0.0018533509045739992,0.009914505706789593,0.00038259838286851803,0.000950427071338377,0.009871762513648718,0.0003311619875209022,0.0008226519818988654,0.08379407381173222,0.0033647221595224496,0.008358433206031727,0.022572666445436578,0.0002220490616992013,0.0005516004480257617,0.10805473006438832,0.33146607231302627,0.10805473006438832
15.0,LMMSE-train-prior+MMSE,LMMSE-train-prior,MMSE,3,100,807600,34946,201900,27874,0.04327142149579,0.0008522514694671045,0.002117110015197869,0.1380584447746409,0.0022104409291240634,0.0054910396716335245,0.876189588362054,0.40951477865261826,1.017291105170058,-1.7211290864872772,3.749588355797799,9.314493838177226,0.006058839398125807,7.604331037710834e-05,0.00018890205503411002,0.006058839450124652,7.604331615642693e-05,0.0001889020693907333,0.0032768371289906405,0.00010390528916634444,0.0002581150472684392,0.003280647204179938,9.178273512106584e-05,0.00022800095360183114,0.029122392237962536,0.0017608936193267615,0.004374302246150138,0.02225633361376822,0.0009595782570603326,0.002383724535739225,0.04327142149579,0.1380584447746409,0.04327142149579
20.0,LMMSE-train-prior+MMSE,LMMSE-train-prior,MMSE,3,100,807600,12352,201900,10022,0.015294700346706288,0.00047137804492119984,0.0011709679778798938,0.049638434868746896,0.0014295667177797648,0.003551240595099855,0.3581541127206331,0.07578826104454679,0.18826847736873717,-9.04535533947139,1.8067147967590205,4.4881283610064155,0.0019426618473759542,0.00011171612144123122,0.0002775182302826421,0.0019426618615398185,0.00011171612270378866,0.00027751823341900866,0.001053185262523281,1.0697027104334264e-05,2.657288843349218e-05,0.0010565704463321405,1.4938827026754036e-05,3.711010358647476e-05,0.009375802307040432,0.0002877964978601965,0.0007149261336441871,0.021698000782635063,0.0001459886374274005,0.0003626558797204513,0.01529470034670629,0.0496384348687469,0.015294700346706288
25.0,LMMSE-train-prior+MMSE,LMMSE-train-prior,MMSE,3,100,807600,4184,201900,3405,0.005180782565626548,0.0008057782248886358,0.0020016640757530985,0.016864784546805348,0.0023589550814224233,0.005859969278086513,0.1834220795198389,0.01383940484489992,0.03437898748339612,-14.747025040526163,0.6425412667244672,1.5961609920260766,0.000634283874145088,8.133182635558408e-06,2.020394570154358e-05,0.0006342838784621562,8.133182940568867e-06,2.0203946459231568e-05,0.0003304251089866739,1.1114476708764339e-05,2.7609890738612185e-05,0.00033206762180877067,1.2299763857906329e-05,3.055430724504884e-05,0.003028207133320393,0.00031369690351555624,0.0007792663080822979,0.02248633449198678,0.0014625214945343354,0.0036331047988181968,0.005180782565626547,0.016864784546805348,0.005180782565626548
30.0,LMMSE-train-prior+MMSE,LMMSE-train-prior,MMSE,3,100,807600,1503,201900,1180,0.0018610698365527489,0.00037334224098817937,0.0009274335402281161,0.005844477464091134,0.0009986792004856714,0.002480856663867125,0.13566696427333155,0.06622549781715326,0.16451325660702956,-18.005784770428967,4.0670065794777495,10.103004418017393,0.00020329339011368575,6.172902857574093e-06,1.533434077947118e-05,0.00020329339135059853,6.172902899084371e-06,1.533434088258843e-05,0.0001045993683752992,3.368483702170791e-06,8.36777739597883e-06,0.00010577148936135927,3.6560859932462815e-06,9.082221093225251e-06,0.0009796817710472775,5.823583193740277e-05,0.0001446658262908565,0.02171366650145501,0.0019030556909280544,0.00472745240939546,0.0018610698365527489,0.005844477464091134,0.0018610698365527489
0.0,LMMSE-train-prior+ZF,LMMSE-train-prior,ZF,3,100,807600,256093,201900,153438,0.3171037642397227,0.0009484254973805772,0.0023560195448286557,0.7599702823179793,0.0011481760176494068,0.0028522273451702038,3.194508140563368,0.36177696853714053,0.8987038107858234,10.050724846953036,0.9880728960879583,2.4545091431304624,0.12508950891594092,0.00654650228644587,0.016262413209819946,0.12508950954924028,0.006546502519389054,0.016262413788482897,0.09222714622815449,0.005789432536667235,0.014381747693969453,0.09122093467662733,0.005555708704025344,0.01380114550716891,0.6412713226800164,0.05894838430849398,0.14643590450748128,0.022137000244886924,0.0017372014162267506,0.004315447550954953,0.31710376423972264,0.7599702823179793,0.3171037642397227
5.0,LMMSE-train-prior+ZF,LMMSE-train-prior,ZF,3,100,807600,168429,201900,116883,0.20855497771173848,0.0015831073561886145,0.0039326566852575,0.5789153046062406,0.003840399616898142,0.009540081516528194,8.292473580833528,11.468238708686593,28.488684263603275,11.838212574551966,12.86382369677096,31.95550956245628,0.045624592195575436,0.001357672774368353,0.0033726461390251226,0.04562459254947801,0.0013576728710396756,0.003372646379170001,0.029057742112005753,0.0005433339855927673,0.0013497164436866039,0.028771344429502885,0.000587811669944888,0.0014602051367170344,0.24637572156265378,0.02378913736985101,0.059095493270455955,0.023532666576405365,0.0015961282350291863,0.003965002341425496,0.20855497771173848,0.5789153046062407,0.20855497771173848
10.0,LMMSE-train-prior+ZF,LMMSE-train-prior,ZF,3,100,807600,87265,201900,66923,0.10805473006438832,0.0004568086803227086,0.0011347756698445414,0.33146607231302627,0.0006698574717015268,0.0016640182069514926,0.8594757466203057,0.09265089270381664,0.23015757659288444,-1.350419339037587,0.9661098985845293,2.399950032769116,0.017398907582586012,0.0007460741349170131,0.001853350894308856,0.017398907697449128,0.0007460741390492893,0.0018533509045739992,0.009914505706789593,0.00038259838286851803,0.000950427071338377,0.009871762513648718,0.0003311619875209022,0.0008226519818988654,0.08379407381173222,0.0033647221595224496,0.008358433206031727,0.022572666445436578,0.0002220490616992013,0.0005516004480257617,0.10805473006438832,0.33146607231302627,0.10805473006438832
15.0,LMMSE-train-prior+ZF,LMMSE-train-prior,ZF,3,100,807600,34946,201900,27874,0.04327142149579,0.0008522514694671045,0.002117110015197869,0.1380584447746409,0.0022104409291240634,0.0054910396716335245,0.8761896105824679,0.4095147658024632,1.0172910732485032,-1.721128802761535,3.7495881534335043,9.314493335476453,0.006058839398125807,7.604331037710834e-05,0.00018890205503411002,0.006058839450124652,7.604331615642693e-05,0.0001889020693907333,0.0032768371289906405,0.00010390528916634444,0.0002581150472684392,0.003280647204179938,9.178273512106584e-05,0.00022800095360183114,0.029122392237962536,0.0017608936193267615,0.004374302246150138,0.02225633361376822,0.0009595782570603326,0.002383724535739225,0.04327142149579,0.1380584447746409,0.04327142149579
20.0,LMMSE-train-prior+ZF,LMMSE-train-prior,ZF,3,100,807600,12352,201900,10022,0.015294700346706288,0.00047137804492119984,0.0011709679778798938,0.049638434868746896,0.0014295667177797648,0.003551240595099855,0.35815410747704074,0.07578824995108396,0.1882684498110478,-9.045355434597733,1.8067145736086956,4.4881278066702786,0.0019426618473759542,0.00011171612144123122,0.0002775182302826421,0.0019426618615398185,0.00011171612270378866,0.00027751823341900866,0.001053185262523281,1.0697027104334264e-05,2.657288843349218e-05,0.0010565704463321405,1.4938827026754036e-05,3.711010358647476e-05,0.009375802307040432,0.0002877964978601965,0.0007149261336441871,0.021698000782635063,0.0001459886374274005,0.0003626558797204513,0.01529470034670629,0.0496384348687469,0.015294700346706288
25.0,LMMSE-train-prior+ZF,LMMSE-train-prior,ZF,3,100,807600,4184,201900,3405,0.005180782565626548,0.0008057782248886358,0.0020016640757530985,0.016864784546805348,0.0023589550814224233,0.005859969278086513,0.1834220727085644,0.013839395871546417,0.034378965192350286,-14.747025343739637,0.642540883059258,1.5961600389488617,0.000634283874145088,8.133182635558408e-06,2.020394570154358e-05,0.0006342838784621562,8.133182940568867e-06,2.0203946459231568e-05,0.0003304251089866739,1.1114476708764339e-05,2.7609890738612185e-05,0.00033206762180877067,1.2299763857906329e-05,3.055430724504884e-05,0.003028207133320393,0.00031369690351555624,0.0007792663080822979,0.02248633449198678,0.0014625214945343354,0.0036331047988181968,0.005180782565626547,0.016864784546805348,0.005180782565626548
30.0,LMMSE-train-prior+ZF,LMMSE-train-prior,ZF,3,100,807600,1503,201900,1180,0.0018610698365527489,0.00037334224098817937,0.0009274335402281161,0.005844477464091134,0.0009986792004856714,0.002480856663867125,0.13566696711153634,0.06622549854345161,0.1645132584112547,-18.005784590449704,4.067006612775602,10.103004500733846,0.00020329339011368575,6.172902857574093e-06,1.533434077947118e-05,0.00020329339135059853,6.172902899084371e-06,1.533434088258843e-05,0.0001045993683752992,3.368483702170791e-06,8.36777739597883e-06,0.00010577148936135927,3.6560859932462815e-06,9.082221093225251e-06,0.0009796817710472775,5.823583193740277e-05,0.0001446658262908565,0.02171366650145501,0.0019030556909280544,0.00472745240939546,0.0018610698365527489,0.005844477464091134,0.0018610698365527489
0.0,LS-linear+MMSE,LS-linear,MMSE,3,100,807600,345194,201900,179489,0.4274318969787023,0.002895590630076569,0.0071930458819641045,0.8889995047052998,0.002391504187857771,0.005940825740866335,5.26729413766796,2.097669698561609,5.21090040499284,14.014239453723993,3.207504051007485,7.967881773699648,1.3052180196841559,0.02414132815666827,0.059970383685719726,1.3052180274327594,0.024141330744190392,0.059970390113481015,0.8530006752411525,0.004613045894685499,0.011459441273023289,1.3007707637548447,0.020086171941631346,0.049896817204907774,7.764854815800985,0.21165351038091304,0.5257764669615661,0.4924416672050332,0.03258676758651302,0.08095001826570028,0.4274318969787023,0.8889995047052996,0.4274318969787023
5.0,LS-linear+MMSE,LS-linear,MMSE,3,100,807600,308523,201900,170656,0.3820245170876671,0.0002335250170208153,0.000580108301418545,0.845250123823675,0.0005609745471923907,0.001393538028012683,5.8669468928025355,3.8007857364185385,9.441675182120042,14.261804281955648,5.193319666876825,12.900921233663382,0.9386214901010196,0.020829936378553293,0.05174443049132433,0.9386214962601661,0.020829938360948017,0.051744435415865826,0.2711087772250175,0.003918587733370804,0.00973431156526866,0.9329865928490957,0.005913695398653287,0.014690433755599032,4.368035496075948,0.10967042216341548,0.27243643155971964,0.537305666366592,0.01657017544099173,0.041162597703286716,0.38202451708766716,0.845250123823675,0.3820245170876671
10.0,LS-linear+MMSE,LS-linear,MMSE,3,100,807600,280432,201900,162649,0.3472412085190688,0.001532525463611949,0.003807004298376101,0.8055918771669143,0.0008987244829927682,0.0022325553806756535,3.198949971386544,0.10208220028613824,0.2535862434292463,10.097182486592173,0.2784525763863764,0.691714545935437,0.8054263664782048,0.00833792990457929,0.02071256611389625,0.8054263700544834,0.00833793018596532,0.020712566812897897,0.08577771062652269,0.0010831611485895818,0.0026907214571141834,0.8176599655548732,0.009459023388735893,0.023497516716287234,3.294024486541748,0.18872042106000023,0.4688075149325478,0.5289013314177282,0.013273280963764652,0.03297265780074554,0.34724120851906887,0.8055918771669143,0.3472412085190688
15.0,LS-linear+MMSE,LS-linear,MMSE,3,100,807600,261956,201900,155280,0.3243635463100545,0.001030899582368016,0.002560896529588054,0.7690936106983655,0.0026274111741487714,0.006526851181977177,3.057306236525751,0.11518375522470026,0.28613231013469703,9.702606681354778,0.33095737044116547,0.8221436848946231,0.7513651976982754,0.018475801388117285,0.045896434983031247,0.7513652034600575,0.018475803194351964,0.04589643946996693,0.027275282635043068,0.00022486255651487259,0.0005585895565991849,0.7688100268443425,0.009636486487274713,0.023938359491811584,2.916196001172066,0.19141993434745888,0.47551347769329494,0.5191663347068243,0.008625858995783645,0.02142782162766698,0.3243635463100545,0.7690936106983656,0.3243635463100545
20.0,LS-linear+MMSE,LS-linear,MMSE,3,100,807600,256661,201900,153110,0.317807082714215,0.004391630213905069,0.01090941423042375,0.758345715700842,0.0065596243715879835,0.01629501027637827,3.2731978583973476,0.11095152742415008,0.2756188734506322,10.296150489549186,0.29229097074796023,0.7260910232391207,0.7428359870612621,0.014970122449108057,0.037187845725349535,0.7428359925250212,0.014970124155539315,0.037187849964359775,0.008575647446947792,0.00011088373171933408,0.00027545045958360403,0.7595123193164666,0.02750046485483789,0.06831494183656737,2.9980083767573036,0.19068520318836787,0.4736883043129989,0.5087926663691178,0.0038093118909149635,0.00946285532404082,0.317807082714215,0.758345715700842,0.317807082714215
25.0,LS-linear+MMSE,LS-linear,MMSE,3,100,807600,257836,201900,153136,0.31926201089648343,0.0018699437185570066,0.004645197710118106,0.7584744923229322,0.00105971076211613,0.0026324674677203615,3.0294688695108754,0.2122281512344319,0.5272039539765047,9.613458968000211,0.5975172686416019,1.4843151804546564,0.7592267781992753,0.01588459906562405,0.03945953157495076,0.7592267836630344,0.015884597377383004,0.039459527381127506,0.002706419776659459,5.3044363222150086e-05,0.0001317695030759253,0.7769318754971027,0.014701490373932116,0.036520526656819235,2.814153842926025,0.10839662753475807,0.2692721502856467,0.525667999269596,0.020880499860751526,0.05187003714429038,0.31926201089648343,0.7584744923229322,0.31926201089648343
30.0,LS-linear+MMSE,LS-linear,MMSE,3,100,807600,255751,201900,152472,0.3166802872709262,0.006891455666767206,0.017119324910671932,0.75518573551263,0.008220404515242061,0.020420616862155495,4.241631470104181,1.9806239431504011,4.920142629975553,11.97201591159412,3.781499212678349,9.393764801168468,0.7413588137427967,0.017646370914155447,0.04383601546338769,0.7413588177164395,0.017646372159444566,0.043836018556857356,0.0008648613485274836,1.5375701156758712e-05,3.819535908810749e-05,0.7647968546549478,0.030577330949225597,0.07595830093564183,2.9080293465654052,0.07882875862507828,0.19582149207102104,0.506532332704713,0.04827448060290103,0.11992045778082625,0.3166802872709262,0.75518573551263,0.3166802872709262
0.0,LS-linear+ZF,LS-linear,ZF,3,100,807600,345194,201900,179489,0.4274318969787023,0.002895590630076569,0.0071930458819641045,0.8889995047052998,0.002391504187857771,0.005940825740866335,5.267294450728507,2.0976702938160656,5.2109018836868835,14.014239786652553,3.2075047415951325,7.967883489214467,1.3052180196841559,0.02414132815666827,0.059970383685719726,1.3052180274327594,0.024141330744190392,0.059970390113481015,0.8530006752411525,0.004613045894685499,0.011459441273023289,1.3007707637548447,0.020086171941631346,0.049896817204907774,7.764854815800985,0.21165351038091304,0.5257764669615661,0.4924416672050332,0.03258676758651302,0.08095001826570028,0.4274318969787023,0.8889995047052996,0.4274318969787023
5.0,LS-linear+ZF,LS-linear,ZF,3,100,807600,308522,201900,170656,0.3820232788509163,0.0002348311998964433,0.000583353039558335,0.845250123823675,0.0005609745471923907,0.001393538028012683,5.866946854387916,3.8007856828012696,9.441675048927362,14.261804244373915,5.193319618366533,12.900921113157136,0.9386214901010196,0.020829936378553293,0.05174443049132433,0.9386214962601661,0.020829938360948017,0.051744435415865826,0.2711087772250175,0.003918587733370804,0.00973431156526866,0.9329865928490957,0.005913695398653287,0.014690433755599032,4.368035496075948,0.10967042216341548,0.27243643155971964,0.537305666366592,0.01657017544099173,0.041162597703286716,0.3820232788509163,0.845250123823675,0.3820232788509163
10.0,LS-linear+ZF,LS-linear,ZF,3,100,807600,280432,201900,162649,0.3472412085190688,0.001532525463611949,0.003807004298376101,0.8055918771669143,0.0008987244829927682,0.0022325553806756535,3.1989499471112244,0.10208218667705479,0.2535862096224089,10.097182421433319,0.2784525407928143,0.6917144575161271,0.8054263664782048,0.00833792990457929,0.02071256611389625,0.8054263700544834,0.00833793018596532,0.020712566812897897,0.08577771062652269,0.0010831611485895818,0.0026907214571141834,0.8176599655548732,0.009459023388735893,0.023497516716287234,3.294024486541748,0.18872042106000023,0.4688075149325478,0.5289013314177282,0.013273280963764652,0.03297265780074554,0.34724120851906887,0.8055918771669143,0.3472412085190688
15.0,LS-linear+ZF,LS-linear,ZF,3,100,807600,261956,201900,155280,0.3243635463100545,0.001030899582368016,0.002560896529588054,0.7690936106983655,0.0026274111741487714,0.006526851181977177,3.057306236715393,0.1151837326636171,0.28613225408985954,9.702606683540232,0.3309573049014002,0.8221435220848207,0.7513651976982754,0.018475801388117285,0.045896434983031247,0.7513652034600575,0.018475803194351964,0.04589643946996693,0.027275282635043068,0.00022486255651487259,0.0005585895565991849,0.7688100268443425,0.009636486487274713,0.023938359491811584,2.916196001172066,0.19141993434745888,0.47551347769329494,0.5191663347068243,0.008625858995783645,0.02142782162766698,0.3243635463100545,0.7690936106983656,0.3243635463100545
20.0,LS-linear+ZF,LS-linear,ZF,3,100,807600,256661,201900,153110,0.317807082714215,0.004391630213905069,0.01090941423042375,0.758345715700842,0.0065596243715879835,0.01629501027637827,3.273197868486477,0.11095151700854769,0.27561884757684146,10.296150516975302,0.29229094145118695,0.7260909504619012,0.7428359870612621,0.014970122449108057,0.037187845725349535,0.7428359925250212,0.014970124155539315,0.037187849964359775,0.008575647446947792,0.00011088373171933408,0.00027545045958360403,0.7595123193164666,0.02750046485483789,0.06831494183656737,2.9980083767573036,0.19068520318836787,0.4736883043129989,0.5087926663691178,0.0038093118909149635,0.00946285532404082,0.317807082714215,0.758345715700842,0.317807082714215
25.0,LS-linear+ZF,LS-linear,ZF,3,100,807600,257836,201900,153136,0.31926201089648343,0.0018699437185570066,0.004645197710118106,0.7584744923229322,0.00105971076211613,0.0026324674677203615,3.029468839262167,0.2122281389548769,0.527203923472399,9.613458882606707,0.5975172398590676,1.4843151089548772,0.7592267781992753,0.01588459906562405,0.03945953157495076,0.7592267836630344,0.015884597377383004,0.039459527381127506,0.002706419776659459,5.3044363222150086e-05,0.0001317695030759253,0.7769318754971027,0.014701490373932116,0.036520526656819235,2.814153842926025,0.10839662753475807,0.2692721502856467,0.525667999269596,0.020880499860751526,0.05187003714429038,0.31926201089648343,0.7584744923229322,0.31926201089648343
30.0,LS-linear+ZF,LS-linear,ZF,3,100,807600,255751,201900,152472,0.3166802872709262,0.006891455666767206,0.017119324910671932,0.75518573551263,0.008220404515242061,0.020420616862155495,4.24163135279766,1.9806237436242142,4.920142134325028,11.97201575268644,3.7814989559678045,9.393764163464123,0.7413588137427967,0.017646370914155447,0.04383601546338769,0.7413588177164395,0.017646372159444566,0.043836018556857356,0.0008648613485274836,1.5375701156758712e-05,3.819535908810749e-05,0.7647968546549478,0.030577330949225597,0.07595830093564183,2.9080293465654052,0.07882875862507828,0.19582149207102104,0.506532332704713,0.04827448060290103,0.11992045778082625,0.3166802872709262,0.75518573551263,0.3166802872709262
0.0,PerfectCSI+MMSE,PerfectCSI,MMSE,3,100,807600,243704,201900,149194,0.30176324913323427,0.000907213572215704,0.0022536434473527617,0.738949975235265,0.0009046012291760623,0.0022471540274919596,3.0952194812513305,0.9975085876588234,2.4779487003980933,9.53690796455234,2.6246158006365565,6.519907089217056,0.0,0.0,0.0,0.0,0.0,0.0,0.0,0.0,0.0,0.0,0.0,0.0,0.0,0.0,0.0,0.0045509994379244745,0.00020454739589640848,0.000508123899986593,0.30176324913323427,0.738949975235265,0.30176324913323427
5.0,PerfectCSI+MMSE,PerfectCSI,MMSE,3,100,807600,159800,201900,112191,0.19787023278850915,0.00172951313802076,0.004296348809125023,0.5556760772659732,0.004417376244748796,0.01097337091657054,1.4350946324202436,0.09665570790456635,0.24010608906165773,3.124732148228284,0.5764175160683032,1.4319004893787237,0.0,0.0,0.0,0.0,0.0,0.0,0.0,0.0,0.0,0.0,0.0,0.0,0.0,0.0,0.0,0.0049096661192985875,0.0002561135995539428,0.0006362214511440718,0.19787023278850915,0.5556760772659732,0.19787023278850915
10.0,PerfectCSI+MMSE,PerfectCSI,MMSE,3,100,807600,81488,201900,62784,0.100901436354631,0.00042642112385641857,0.0010592887948586878,0.31096582466567607,0.0014556356493938612,0.003615999411227472,0.8225097803598471,0.07688248177044431,0.19098667233891797,-1.7234291476727517,0.8345713734777765,2.073190222003414,0.0,0.0,0.0,0.0,0.0,0.0,0.0,0.0,0.0,0.0,0.0,0.0,0.0,0.0,0.0,0.004922332106313358,0.00027388769312175455,0.000680374747268052,0.100901436354631,0.31096582466567607,0.100901436354631
15.0,PerfectCSI+MMSE,PerfectCSI,MMSE,3,100,807600,31729,201900,25368,0.03928801386825161,0.0007987087769057801,0.0019841025934176294,0.12564635958395245,0.0023078607209930367,0.00573304385048611,0.4373377704160031,0.05247784638457238,0.13036219723535697,-7.224512315897651,1.0264179460053933,2.549763527689312,0.0,0.0,0.0,0.0,0.0,0.0,0.0,0.0,0.0,0.0,0.0,0.0,0.0,0.0,0.0,0.004636999704719831,0.00012312249267170473,0.00030585322721048537,0.03928801386825161,0.12564635958395245,0.03928801386825161
20.0,PerfectCSI+MMSE,PerfectCSI,MMSE,3,100,807600,11074,201900,8968,0.013712233779098562,0.0004119198856685941,0.001023265722209239,0.04441802872709263,0.0013780590420191337,0.0034232884352982627,0.3667655694714731,0.18645625102029825,0.46318300475110885,-9.387212691551674,4.05986403000642,10.08526134151762,0.0,0.0,0.0,0.0,0.0,0.0,0.0,0.0,0.0,0.0,0.0,0.0,0.0,0.0,0.0,0.004557333013508469,3.585198652006938e-05,8.906127175566884e-05,0.013712233779098564,0.04441802872709262,0.013712233779098562
25.0,PerfectCSI+MMSE,PerfectCSI,MMSE,3,100,807600,3808,201900,3107,0.004715205547300643,0.0008167070194138011,0.0020288127063770325,0.015388806339772165,0.0024374991584923283,0.006055083581970487,0.1962746293166072,0.06760679941915018,0.1679446000078513,-14.507046763130226,3.126917402929657,7.767693442145963,0.0,0.0,0.0,0.0,0.0,0.0,0.0,0.0,0.0,0.0,0.0,0.0,0.0,0.0,0.0,0.004690998854736487,0.00022450036188533014,0.0005576898152609451,0.004715205547300644,0.015388806339772165,0.004715205547300643
30.0,PerfectCSI+MMSE,PerfectCSI,MMSE,3,100,807600,1432,201900,1122,0.0017731550272412086,0.00026252079262614194,0.0006521378010811872,0.0055572065378900444,0.0007582377903223222,0.00188356708941392,0.09742134409271362,0.0181659342478246,0.045126682334197955,-20.32222123577535,1.5531322377636212,3.8581943631637916,0.0,0.0,0.0,0.0,0.0,0.0,0.0,0.0,0.0,0.0,0.0,0.0,0.0,0.0,0.0,0.0045736669562757015,0.0005013961524461637,0.0012455370908180327,0.0017731550272412084,0.0055572065378900444,0.0017731550272412086
0.0,PerfectCSI+ZF,PerfectCSI,ZF,3,100,807600,243704,201900,149194,0.30176324913323427,0.000907213572215704,0.0022536434473527617,0.738949975235265,0.0009046012291760623,0.0022471540274919596,3.0952195135110756,0.9975087002821398,2.4779489801699204,9.536907999804649,2.6246160576303663,6.519907727625071,0.0,0.0,0.0,0.0,0.0,0.0,0.0,0.0,0.0,0.0,0.0,0.0,0.0,0.0,0.0,0.0045509994379244745,0.00020454739589640848,0.000508123899986593,0.30176324913323427,0.738949975235265,0.30176324913323427
5.0,PerfectCSI+ZF,PerfectCSI,ZF,3,100,807600,159800,201900,112191,0.19787023278850915,0.00172951313802076,0.004296348809125023,0.5556760772659732,0.004417376244748796,0.01097337091657054,1.4350946368376503,0.09665575355063978,0.24010620245279013,3.124732163104634,0.576417778876745,1.431901142231085,0.0,0.0,0.0,0.0,0.0,0.0,0.0,0.0,0.0,0.0,0.0,0.0,0.0,0.0,0.0,0.0049096661192985875,0.0002561135995539428,0.0006362214511440718,0.19787023278850915,0.5556760772659732,0.19787023278850915
10.0,PerfectCSI+ZF,PerfectCSI,ZF,3,100,807600,81488,201900,62784,0.100901436354631,0.00042642112385641857,0.0010592887948586878,0.31096582466567607,0.0014556356493938612,0.003615999411227472,0.8225097978568452,0.07688249766034579,0.19098671181162147,-1.7234289727591154,0.8345715311467419,2.0731906136748366,0.0,0.0,0.0,0.0,0.0,0.0,0.0,0.0,0.0,0.0,0.0,0.0,0.0,0.0,0.0,0.004922332106313358,0.00027388769312175455,0.000680374747268052,0.100901436354631,0.31096582466567607,0.100901436354631
15.0,PerfectCSI+ZF,PerfectCSI,ZF,3,100,807600,31729,201900,25368,0.03928801386825161,0.0007987087769057801,0.0019841025934176294,0.12564635958395245,0.0023078607209930367,0.00573304385048611,0.4373377651202388,0.052477846163756725,0.13036219668682048,-7.224512421492214,1.0264179497394414,2.5497635369652016,0.0,0.0,0.0,0.0,0.0,0.0,0.0,0.0,0.0,0.0,0.0,0.0,0.0,0.0,0.0,0.004636999704719831,0.00012312249267170473,0.00030585322721048537,0.03928801386825161,0.12564635958395245,0.03928801386825161
20.0,PerfectCSI+ZF,PerfectCSI,ZF,3,100,807600,11074,201900,8968,0.013712233779098562,0.0004119198856685941,0.001023265722209239,0.04441802872709263,0.0013780590420191337,0.0034232884352982627,0.36676556882200084,0.1864562500230297,0.4631830022737564,-9.387212702680143,4.059864018523365,10.085261312992133,0.0,0.0,0.0,0.0,0.0,0.0,0.0,0.0,0.0,0.0,0.0,0.0,0.0,0.0,0.0,0.004557333013508469,3.585198652006938e-05,8.906127175566884e-05,0.013712233779098564,0.04441802872709262,0.013712233779098562
25.0,PerfectCSI+ZF,PerfectCSI,ZF,3,100,807600,3808,201900,3107,0.004715205547300643,0.0008167070194138011,0.0020288127063770325,0.015388806339772165,0.0024374991584923283,0.006055083581970487,0.19627462269713622,0.06760679285564536,0.16794458370320142,-14.507046997729303,3.1269171269213483,7.7676927565033145,0.0,0.0,0.0,0.0,0.0,0.0,0.0,0.0,0.0,0.0,0.0,0.0,0.0,0.0,0.0,0.004690998854736487,0.00022450036188533014,0.0005576898152609451,0.004715205547300644,0.015388806339772165,0.004715205547300643
30.0,PerfectCSI+ZF,PerfectCSI,ZF,3,100,807600,1432,201900,1122,0.0017731550272412086,0.00026252079262614194,0.0006521378010811872,0.0055572065378900444,0.0007582377903223222,0.00188356708941392,0.09742134702133746,0.01816593698673614,0.0451266891380314,-20.322220997075974,1.5531324175809422,3.8581948098547802,0.0,0.0,0.0,0.0,0.0,0.0,0.0,0.0,0.0,0.0,0.0,0.0,0.0,0.0,0.0,0.0045736669562757015,0.0005013961524461637,0.0012455370908180327,0.0017731550272412084,0.0055572065378900444,0.0017731550272412086
0.0,ResidualCNN+MMSE,ResidualCNN,MMSE,3,100,807600,255948,201900,153792,0.3169242199108469,0.0007279031375100262,0.0018082116343900423,0.7617236255572065,0.001432241210829248,0.0035578844041438905,4.834673880950985,2.679433305993611,6.656081321538591,12.872378531421878,4.479296414297193,11.127189144863687,0.13095648956795533,0.006879810302078507,0.01709039622108165,0.13095649037510157,0.0068798106092349464,0.017090396984100545,0.09658392544835807,0.00596565808079522,0.014819516213911504,0.09705971471965313,0.005727138698097163,0.01422700122036785,0.7875002807130417,0.061417780243985184,0.15257022407607798,2.5119590000637495,0.1351770085726564,0.33579830475693345,0.31692421991084696,0.7617236255572065,0.3169242199108469
5.0,ResidualCNN+MMSE,ResidualCNN,MMSE,3,100,807600,169375,201900,117434,0.20972634967805845,0.0012920055615501613,0.0032095197392379184,0.5816443784051512,0.0024352336417358665,0.006049455726359158,1.7022282915348566,0.1839336288255845,0.456916463824722,4.587544178346456,0.9175985716326657,2.2794412160409414,0.0513257680243502,0.002311665087550847,0.005742494420921687,0.051325768372043966,0.0023116651493245684,0.005742494574376119,0.032346640890464184,0.0006503293521983713,0.0016155076688541368,0.03232137081213295,0.0008034201792095313,0.0019958063655556055,0.30304035322119793,0.028158695080727218,0.06995007636371299,2.7006559996516444,0.20595397740083393,0.5116180421463868,0.20972634967805845,0.581644378405151,0.20972634967805845
10.0,ResidualCNN+MMSE,ResidualCNN,MMSE,3,100,807600,88756,201900,68030,0.10990094105993065,0.000594612839716983,0.001477100179031912,0.33694898464586426,0.0004556442053336185,0.0011318829536097526,1.0146746979411296,0.4086657948511415,1.0151821124921445,-0.3003488372960679,3.2427748698311465,8.055499344863819,0.02935728284996003,0.0016995837311330312,0.004222000040784896,0.0293572829850018,0.0016995837997278956,0.004222000211183986,0.012988909583849212,0.0005223303843477592,0.0012975406057513128,0.01282269882115846,0.0004447585062619807,0.0011048413780271316,0.10171776855985325,0.0024019277632091967,0.005966719337488082,2.5695876671428173,0.0029189527057253777,0.007251080495108074,0.10990094105993066,0.3369489846458643,0.10990094105993065
15.0,ResidualCNN+MMSE,ResidualCNN,MMSE,3,100,807600,36488,201900,29115,0.04518078256562655,0.0007305932615414287,0.001814894272945735,0.14420505200594355,0.001733397008867249,0.004305996879162354,0.5236675153983527,0.07198064226451434,0.17880982796528974,-5.672701133035741,1.17921623657536,2.929335523585151,0.018414798860127726,0.0010052994191208431,0.002497302198638787,0.018414798991288988,0.0010052994093703038,0.002497302174417105,0.00600941992442434,0.000366320763302881,0.000909991222717853,0.00582561634054097,0.0003430042497954939,0.0008520697922076169,0.042172590874445935,0.003539295762334437,0.008792098076253108,2.4708353338064626,0.03460003007112234,0.08595123952737047,0.04518078256562655,0.14420505200594352,0.04518078256562655
20.0,ResidualCNN+MMSE,ResidualCNN,MMSE,3,100,807600,14397,201900,11720,0.017826894502228824,0.0005719809474367869,0.0014208794419304056,0.05804853888063397,0.001471725510108155,0.0036559688410046595,0.3462745943708942,0.04301732942912289,0.10686097029367148,-9.255114746587184,1.0578501138596945,2.627845361218248,0.01836159473323884,0.0002844594183130214,0.000706636368493939,0.018361594883802655,0.00028445955075241344,0.0007066366974916272,0.004192584621099134,0.0001245597173463998,0.0003094234912251535,0.003978247603517957,0.00011697540452611505,0.00029058301373057263,0.025548287862523767,0.0018716358444925943,0.004649401183967729,2.445775666856207,0.016816772406681488,0.04177517852535984,0.017826894502228827,0.05804853888063398,0.017826894502228824
25.0,ResidualCNN+MMSE,ResidualCNN,MMSE,3,100,807600,6128,201900,5050,0.00758791480931154,0.0010770375156977769,0.0026755095097147357,0.025012382367508672,0.0032910683677797557,0.008175467044350297,0.28923190817506983,0.05859692055260736,0.14556282013716992,-10.897105034043383,1.7950203104781872,4.459077646616651,0.016754616360024857,0.000806581215302194,0.0020036588145215927,0.016754616447724403,0.0008065812309684788,0.0020036588534388016,0.003483785424808351,3.602687562631432e-05,8.94957203798662e-05,0.0032767348240789335,3.1939169909296804e-05,7.934129645368556e-05,0.017856610784268315,0.0015595404688190143,0.0038741132915941032,2.5382253323914483,0.13993607388678153,0.34762047837643456,0.00758791480931154,0.02501238236750867,0.00758791480931154
30.0,ResidualCNN+MMSE,ResidualCNN,MMSE,3,100,807600,3721,201900,3016,0.0046074789499752355,0.000122322500062059,0.0003038659353997428,0.014938088162456661,0.000596639980894621,0.0014821358768783244,0.17225062756126464,0.02221059207668938,0.05517416937800716,-15.326255181094695,1.143072757498425,2.8395501441762776,0.01536590404090627,0.0007711216521151066,0.0019155723763663551,0.015365904113083766,0.0007711216774473028,0.001915572439295019,0.0030861423461465164,0.0001544840352271288,0.0003837596177710772,0.0029009747444069946,0.00014381963748919078,0.00035726778517716036,0.016709702313140343,0.0011118610213880153,0.002762015893455209,2.4542646664970866,0.22585290102544697,0.5610497087455276,0.0046074789499752355,0.014938088162456661,0.0046074789499752355
0.0,ResidualCNN+ZF,ResidualCNN,ZF,3,100,807600,255948,201900,153792,0.3169242199108469,0.0007279031375100262,0.0018082116343900423,0.7617236255572065,0.001432241210829248,0.0035578844041438905,4.834673992879686,2.6794334501100723,6.656081679543727,12.872378682364085,4.479296550619264,11.127189483506484,0.13095648956795533,0.006879810302078507,0.01709039622108165,0.13095649037510157,0.0068798106092349464,0.017090396984100545,0.09658392544835807,0.00596565808079522,0.014819516213911504,0.09705971471965313,0.005727138698097163,0.01422700122036785,0.7875002807130417,0.061417780243985184,0.15257022407607798,2.5119590000637495,0.1351770085726564,0.33579830475693345,0.31692421991084696,0.7617236255572065,0.3169242199108469
5.0,ResidualCNN+ZF,ResidualCNN,ZF,3,100,807600,169375,201900,117434,0.20972634967805845,0.0012920055615501613,0.0032095197392379184,0.5816443784051512,0.0024352336417358665,0.006049455726359158,1.702228283606339,0.18393362500784852,0.4569164543409401,4.5875441388418245,0.9175985590930497,2.2794411848908083,0.0513257680243502,0.002311665087550847,0.005742494420921687,0.051325768372043966,0.0023116651493245684,0.005742494574376119,0.032346640890464184,0.0006503293521983713,0.0016155076688541368,0.03232137081213295,0.0008034201792095313,0.0019958063655556055,0.30304035322119793,0.028158695080727218,0.06995007636371299,2.7006559996516444,0.20595397740083393,0.5116180421463868,0.20972634967805845,0.581644378405151,0.20972634967805845
10.0,ResidualCNN+ZF,ResidualCNN,ZF,3,100,807600,88756,201900,68030,0.10990094105993065,0.000594612839716983,0.001477100179031912,0.33694898464586426,0.0004556442053336185,0.0011318829536097526,1.0146746955210613,0.4086657993553888,1.0151821236813152,-0.3003488693343783,3.2427749122892067,8.055499450335487,0.02935728284996003,0.0016995837311330312,0.004222000040784896,0.0293572829850018,0.0016995837997278956,0.004222000211183986,0.012988909583849212,0.0005223303843477592,0.0012975406057513128,0.01282269882115846,0.0004447585062619807,0.0011048413780271316,0.10171776855985325,0.0024019277632091967,0.005966719337488082,2.5695876671428173,0.0029189527057253777,0.007251080495108074,0.10990094105993066,0.3369489846458643,0.10990094105993065
15.0,ResidualCNN+ZF,ResidualCNN,ZF,3,100,807600,36488,201900,29115,0.04518078256562655,0.0007305932615414287,0.001814894272945735,0.14420505200594355,0.001733397008867249,0.004305996879162354,0.5236675123841631,0.07198064611009472,0.17880983751824098,-5.672701190004655,1.1792163163978,2.9293357218750837,0.018414798860127726,0.0010052994191208431,0.002497302198638787,0.018414798991288988,0.0010052994093703038,0.002497302174417105,0.00600941992442434,0.000366320763302881,0.000909991222717853,0.00582561634054097,0.0003430042497954939,0.0008520697922076169,0.042172590874445935,0.003539295762334437,0.008792098076253108,2.4708353338064626,0.03460003007112234,0.08595123952737047,0.04518078256562655,0.14420505200594352,0.04518078256562655
20.0,ResidualCNN+ZF,ResidualCNN,ZF,3,100,807600,14397,201900,11720,0.017826894502228824,0.0005719809474367869,0.0014208794419304056,0.05804853888063397,0.001471725510108155,0.0036559688410046595,0.34627459829202595,0.043017335140068474,0.10686098448044676,-9.255114659080894,1.0578502474750826,2.6278456931372722,0.01836159473323884,0.0002844594183130214,0.000706636368493939,0.018361594883802655,0.00028445955075241344,0.0007066366974916272,0.004192584621099134,0.0001245597173463998,0.0003094234912251535,0.003978247603517957,0.00011697540452611505,0.00029058301373057263,0.025548287862523767,0.0018716358444925943,0.004649401183967729,2.445775666856207,0.016816772406681488,0.04177517852535984,0.017826894502228827,0.05804853888063398,0.017826894502228824
25.0,ResidualCNN+ZF,ResidualCNN,ZF,3,100,807600,6128,201900,5050,0.00758791480931154,0.0010770375156977769,0.0026755095097147357,0.025012382367508672,0.0032910683677797557,0.008175467044350297,0.289231918355918,0.05859693509424274,0.14556285626059476,-10.897104775549074,1.7950206409508724,4.459078467556311,0.016754616360024857,0.000806581215302194,0.0020036588145215927,0.016754616447724403,0.0008065812309684788,0.0020036588534388016,0.003483785424808351,3.602687562631432e-05,8.94957203798662e-05,0.0032767348240789335,3.1939169909296804e-05,7.934129645368556e-05,0.017856610784268315,0.0015595404688190143,0.0038741132915941032,2.5382253323914483,0.13993607388678153,0.34762047837643456,0.00758791480931154,0.02501238236750867,0.00758791480931154
30.0,ResidualCNN+ZF,ResidualCNN,ZF,3,100,807600,3721,201900,3016,0.0046074789499752355,0.000122322500062059,0.0003038659353997428,0.014938088162456661,0.000596639980894621,0.0014821358768783244,0.17225062690270546,0.022210596706677417,0.05517418087953506,-15.32625523456988,1.1430729875380046,2.839550715626272,0.01536590404090627,0.0007711216521151066,0.0019155723763663551,0.015365904113083766,0.0007711216774473028,0.001915572439295019,0.0030861423461465164,0.0001544840352271288,0.0003837596177710772,0.0029009747444069946,0.00014381963748919078,0.00035726778517716036,0.016709702313140343,0.0011118610213880153,0.002762015893455209,2.4542646664970866,0.22585290102544697,0.5610497087455276,0.0046074789499752355,0.014938088162456661,0.0046074789499752355
